hs4,0201,0304,0305,1601,1604,1704,1806,1905,2106,2203,2309,2505,2517,2715,3401,3402,3824,3917,3919,3920,3923,3925,3926,4016,4409,4415,4418,4421,4817,4819,4821,4823,4901,4902,4911,5608,5911,6306,6802,6810,6904,7008,7019,7113,7204,7304,7308,7309,7321,7325,7326,7419,7610,7616,8207,8302,8310,8409,8412,8413,8414,8415,8418,8419,8421,8422,8424,8426,8428,8431,8432,8434,8436,8437,8438,8442,8462,8465,8466,8471,8473,8474,8477,8479,8480,8481,8483,8486,8517,8518,8529,8534,8536,8537,8538,8542,8543,8544,8609,8707,8708,8716,8902,8903,8906,9018,9021,9026,9027,9030,9031,9032,9033,9401,9402,9403,9404,9405,9406,9506
0201,1.0,0.959035743032801,0.347258540516767,0.973034429001177,0.9633148165197,0.958722797935014,0.110559295044063,0.75899565284989,0.613814696272437,0.640933998175053,0.697070437733392,0.106319308562172,0.0552524983658678,0.0326423127207584,0.114224941633162,0.09962530348473,0.05056596944854,0.115171214084362,0.0644391831745159,0.0543048358534503,0.0864843297284521,0.0328328526452036,0.0959566560620433,0.0477816076373943,0.0183397902520285,0.082194531032701,0.0442300163186458,0.0775775434696301,0.0462867511217101,0.0380308773874406,0.0399118621889891,0.0952602228063,0.0343155917475498,0.0494046422961195,0.0358223998588507,0.0622005193693455,0.0788144064902345,0.11705149063359,0.0549198121402591,0.0452760251014329,0.139281946219484,0.106256791264707,0.0601684310926235,0.0704793682534087,0.211026088351616,0.196427906011828,0.146497341143274,0.0859508385865417,0.141083763726057,0.0428450882017946,0.201471795720243,0.0330315253867383,0.0569159113358002,0.163040444818846,0.205417036974188,0.130847071161789,0.127061068816577,0.211794949509884,0.17788469779134,0.211378263794683,0.126579441939364,0.106269606791153,0.117179036038247,0.102934568933967,0.163928650457767,0.150454114217149,0.228295654553654,0.145093275530109,0.149951073988787,0.199259768880906,0.189273873417971,0.132990436878286,0.158897027044667,0.188779250864754,0.175609759702484,0.0313631968406329,0.176933803754942,0.199826607589082,0.195341703874741,0.0613046011792063,0.0662379633743966,0.20634288489373,0.174160338809927,0.186924167774727,0.201315680822122,0.165768395481185,0.203796984428677,0.174573705102323,0.0901083455999995,0.119649482372448,0.0433375484365541,0.0457947786814351,0.149120208989815,0.0500455780623547,0.0810429754512138,0.0697393647538278,0.0459979613776896,0.0647011549176447,0.108406475254732,0.19648503938466,0.113671973108458,0.165611393454477,0.0497868020512864,0.0306119418712219,0.157660444790917,0.0920314160645377,0.079600998785209,0.116221065642399,0.133053417640252,0.0420807313542342,0.0992465801336369,0.0616625520491695,0.196092667695086,0.0669262801924016,0.0829843336003917,0.0906423232766685,0.146132233753447,0.122258101058825,0.0356689588597096,0.117825198632804
0304,0.959035743032801,1.0,0.428697581327004,0.966926808284223,0.955328745392296,0.940315216210151,0.218868597481396,0.832275451070949,0.605212812762865,0.666199208104595,0.684773815900315,0.0720478290494479,0.0450257509570366,0.0174504377838686,0.135680103504421,0.089989706589042,0.0393104566124144,0.0567872951337472,0.0898329771993513,0.0467330526026002,0.0775815260622121,0.0451183419086107,0.0670087413252111,0.0398908202930486,0.0159811346600442,0.148359773477201,0.0441294855815495,0.0488103017173758,0.0528904615308389,0.0313760160111623,0.0507439536796146,0.0934421638575429,0.0386280419046148,0.0664965348876369,0.0448650211724654,0.12714160196048,0.0959540435670018,0.130911275027462,0.0533012882549955,0.0399926043346019,0.0993568589076857,0.0850269834929165,0.120335138378495,0.0715658962668328,0.0501178816781941,0.0360991473912267,0.042501811428454,0.0290983179715746,0.07192952564404,0.0150103251015467,0.0592285664055755,0.0178852563058696,0.0460053020933972,0.0873242702831067,0.0498779071265849,0.0527743840996699,0.130724189847433,0.0752452219097885,0.0763591408007316,0.106394384416431,0.0715292519175641,0.0602084592080401,0.0705197176657862,0.0681155287863806,0.0808829320773223,0.0778846062000163,0.114842566232903,0.0477277771451497,0.0689946383028469,0.0584029897601066,0.0856007090293033,0.0543128866913183,0.0776067823278973,0.0505911229714842,0.0716464069944819,0.0321033909871233,0.0562961068593843,0.0588323797908667,0.0321826560839559,0.0647522073507728,0.0514157650047859,0.0781657286251759,0.0685033397265286,0.0664872555442877,0.0424971902586491,0.0947708221889956,0.0556115044059441,0.0595718954616275,0.0842429682422201,0.146105247866826,0.118994554521002,0.0660354510137477,0.0948488904588261,0.0530537036937072,0.0674331573473752,0.0492313367729918,0.0518337591218092,0.0596459867203915,0.04479833010526,0.0592382740682064,0.0780498756713882,0.0606966658336464,0.0221182676293739,0.0284579677137781,0.0543519223499131,0.084681021826174,0.046760122214616,0.0769733138853698,0.0632180658631192,0.0495609869462903,0.0944755988737311,0.12535592653107,0.0841463710732227,0.102316847820574,0.0939804329935285,0.108685426624053,0.13933545012189,0.151790124475367,0.0314072063016883,0.150409276531498
0305,0.347258540516767,0.428697581327004,1.0,0.385731760249112,0.504255278805301,0.348242993747825,0.229579456424792,0.676914154266934,0.269505321050737,0.487252198544682,0.382298239298354,0.0433319780695119,0.0246355902770538,0.0166933786208593,0.0398390861069274,0.0607439998676378,0.0232335709553553,0.049886814582143,0.408435954966219,0.0253426260019766,0.352943160634944,0.156256772781599,0.229005240049382,0.0494286684173798,0.019178705060385,0.899910942183255,0.0528686224702421,0.0885026848356537,0.0753601605067488,0.0302690279529203,0.0548055928099036,0.238282736920507,0.0648936590668921,0.0937563956971825,0.114483033197888,0.782378955236698,0.0591339328017615,0.281859302121616,0.177518242287458,0.142095142829315,0.212864136620808,0.046825611390484,0.755348801020654,0.0976581575165219,0.0680453620088471,0.0573393283229137,0.0728885546533817,0.0338062393712429,0.137164063824631,0.0172303309498456,0.119184404489601,0.0486302994300018,0.0699336177352291,0.242626571894,0.0616740272870414,0.0636638537867872,0.100817858884149,0.242918151646089,0.108489514010217,0.101350108289126,0.0829362080560282,0.0637380207523001,0.0817160580986289,0.0945361580127592,0.0808238459383003,0.104107066463558,0.118651087401457,0.0844297256592767,0.0911803107670241,0.0801389101745609,0.107029378594094,0.0487012060072481,0.125743313755901,0.0494122431364167,0.111083901157272,0.0244662134938115,0.0582769927485713,0.0915330851921689,0.0429806448716004,0.0318700345358323,0.0463717475678598,0.0820167903305519,0.15852616982275,0.0934019208485221,0.0923660074488719,0.240001738747238,0.155774039972763,0.0596066160460639,0.0531071362451121,0.367512113296495,0.802781699793731,0.12661728610123,0.0860112218149804,0.0557527160804672,0.130736410718039,0.0472907048510897,0.0437163965218124,0.0399320144552711,0.176436136795729,0.164534971378574,0.281898815354895,0.073840505094072,0.0299457465936503,0.0237844256816836,0.11824631631876,0.165265912948524,0.0636025329711507,0.0891140067818783,0.0546122209275846,0.0417230123484552,0.0691854404247207,0.633260389498364,0.266866495399208,0.53588532661168,0.0758738573033435,0.30420031207771,0.102360295890972,0.203944718084153,0.0273609792306772,0.157213276277138
1601,0.973034429001177,0.966926808284223,0.385731760249112,1.0,0.980264160133214,0.965305688550523,0.130466201444464,0.781111877336062,0.71298636830306,0.666608011707996,0.733280360904019,0.0796603624210914,0.0410461259680305,0.0305074376815309,0.108152999111935,0.188496601331782,0.0499596429182964,0.140934625381919,0.0838430683193006,0.0484270014391371,0.0916683164894134,0.0396375090095687,0.0848249162940389,0.0431441821510581,0.025215658244581,0.101251811179967,0.0532672735504768,0.0481751600116016,0.0430605049500186,0.0419766060208757,0.0444735778381016,0.134297538879163,0.0423191537599325,0.0675395820808486,0.0500973018712375,0.0871787472591042,0.0828949880928074,0.112369909016751,0.058980367659657,0.074800622696104,0.155067269378771,0.143054103038121,0.125508219164702,0.071416437468746,0.115085803502617,0.0984108330043202,0.094309460181639,0.0625396704602484,0.104256700565299,0.0383821686740668,0.117593996761965,0.0266727441605265,0.0922196697583399,0.130203498550111,0.121438293650429,0.099389771746826,0.0844816900748069,0.11802258280199,0.149361004322015,0.153753642939917,0.127590528133802,0.0903903539417276,0.117751597870118,0.134290716701805,0.146586943015707,0.156831380152924,0.160056000921619,0.0959544362115766,0.151409997326174,0.134083891275992,0.114979881091733,0.180452193139211,0.14989967639854,0.123101580282461,0.158090919009352,0.0615658411786455,0.141911745651597,0.124118929132174,0.0965746903905175,0.0801393849128719,0.100575250463398,0.135074004831851,0.158498580641584,0.145490188077738,0.112847690597257,0.148507404482217,0.11372380068891,0.14495209159036,0.133177000084395,0.118646452457868,0.100825696562188,0.133397018268318,0.152822140197059,0.10091858061843,0.124472941043869,0.130964567691087,0.136502207776953,0.0910272287532101,0.0676527350699152,0.114846447072995,0.119870425592746,0.108209259897031,0.0402083900310559,0.0422090872268712,0.116751210572098,0.121351619903611,0.0921963642572448,0.108456280459096,0.115400750066169,0.0737440462819653,0.15373184818536,0.129825188293198,0.129440753473806,0.0867278216729151,0.118712123109533,0.103468968011584,0.146107828308522,0.13495802298307,0.0523693885736034,0.120449163641858
1604,0.9633148165197,0.955328745392296,0.504255278805301,0.980264160133214,1.0,0.948509371898342,0.0969067734877521,0.814989304480426,0.649752541231275,0.689145737630711,0.715229680885945,0.0858879877718034,0.0461435728761111,0.0308439987035765,0.0914428682864762,0.111003332418313,0.0449706142744774,0.098557318761992,0.13304922741383,0.041496536963489,0.138290179374152,0.0568591199022837,0.116087044055152,0.0454840536172689,0.022725376845531,0.221216874033908,0.047854985504422,0.0604659905467281,0.0421947616880213,0.0434101324689223,0.043917559555627,0.138559820079538,0.0446898739282438,0.0595024424415862,0.0567197028703927,0.195176290981772,0.0646619788129802,0.126272816269059,0.0691448440886216,0.0752196723116996,0.132056723775846,0.0713584654466672,0.203869226459088,0.0706948656848463,0.151040808599423,0.139176643021491,0.117445264148125,0.0743898595410073,0.125842242217165,0.040260352102457,0.155594366446683,0.0354147864601718,0.0766765202003973,0.154817489569322,0.152469256880367,0.111429498623661,0.0714814607359055,0.179648837961814,0.155682667953659,0.152898673104938,0.121369210758024,0.0916578176507327,0.108263539818189,0.105603099589423,0.138710055028291,0.154561125183632,0.173123597053644,0.1191656598504,0.14890586392971,0.157271940041942,0.138286469543944,0.129610559427823,0.152728424849786,0.142977124843804,0.159958113057855,0.0558383717051156,0.152215202890103,0.156274034864342,0.13533859420566,0.0643037402876788,0.0819718301161772,0.132098801984942,0.172407411789237,0.160794466554387,0.152695718367296,0.175087359314005,0.164430107129203,0.15722890197444,0.108191690598981,0.137839884510469,0.200529370442016,0.0966335974149393,0.143192980659347,0.0828900315734338,0.111163933836061,0.0956888404496657,0.0807928073687993,0.0701981081058342,0.101947801532925,0.160984698609714,0.148078023384575,0.130487076575337,0.0410759352399252,0.0362429144550555,0.138285848088511,0.11307101321442,0.075036257210012,0.109600285338041,0.111720080600855,0.0542586672533604,0.115176094074879,0.190835655499177,0.189962420037986,0.160696583215526,0.108936133551949,0.131567831688922,0.150142847818273,0.123729727611401,0.0405461935893781,0.100002854578507
1704,0.958722797935014,0.940315216210151,0.348242993747825,0.965305688550523,0.948509371898342,1.0,0.189193740567923,0.745199426603259,0.673658711859108,0.688369631440351,0.737530271723541,0.0965738344057709,0.0415569851149415,0.0390553037487805,0.183154500124477,0.172547831011311,0.0473841400393893,0.122576194193969,0.103660209830433,0.069786183359246,0.0964850952163363,0.0530907709209613,0.0988873840570001,0.0654346350575711,0.0323816156717282,0.111114336752659,0.0644857709932799,0.0668670398107842,0.0824720591363506,0.0557915559328165,0.0666255552073762,0.127712873687843,0.0551749349036568,0.0838666774349522,0.0563847657497772,0.0845110890381738,0.147395215952959,0.189351905474451,0.133055000509017,0.0713399675685918,0.142925079123726,0.156033369788995,0.09517696759647,0.108437570726008,0.139471982788668,0.125739293889235,0.110060632982617,0.0696248460725255,0.130765623776997,0.0435934438884398,0.148728594986051,0.0320264747856754,0.0844284576949773,0.151533173349357,0.159364304319314,0.122045229261611,0.203611254284694,0.152980767746154,0.173150695965392,0.194495522089431,0.160190720491377,0.121263116069497,0.128833181560168,0.134200829687955,0.172842309810861,0.164037388758508,0.218279786497904,0.111993287153414,0.157146722694644,0.155229625073151,0.175807236851431,0.148495822397251,0.178907293776878,0.14109857923085,0.17169483285005,0.0581536568784193,0.162619419433936,0.154398353062933,0.123683344152347,0.107747525938054,0.125669453914586,0.148531534672164,0.170695802659386,0.17290419646533,0.136442647849808,0.176060885777612,0.142642091421127,0.165829192474898,0.155350961962902,0.1790704599406,0.0792196737200111,0.11854689292283,0.186515942127718,0.137060180347854,0.157237889517083,0.13458436032415,0.121414950974172,0.11272138978042,0.0771607961028271,0.139783872922611,0.129537012007808,0.135735023775147,0.0424425073299448,0.0397502816119099,0.121746217043852,0.137728909373361,0.0980127828384491,0.143839038828479,0.127625932626741,0.0990681446137331,0.203076315014282,0.122470392787196,0.152841605480239,0.0957005084862537,0.131147681163724,0.135944443914452,0.194781033750182,0.20423990386375,0.0593949908712902,0.192599088367033
1806,0.110559295044063,0.218868597481396,0.229579456424792,0.130466201444464,0.0969067734877521,0.189193740567923,1.0,0.399020668385182,0.235632231551702,0.279570928838595,0.21596622772539,0.0936001167293321,0.0694996434535476,0.0302275353497628,0.177466912263545,0.279505751257327,0.0754321821587657,0.161657600878423,0.134944058416627,0.0694694368360732,0.129913748009649,0.0699878050596007,0.112344350203955,0.063624084983001,0.038262936477317,0.225037643641519,0.0801241445825334,0.0828141628140851,0.0889737807681298,0.0485408535992711,0.0721037662233565,0.210488780730701,0.0638258482724912,0.114119695077642,0.0798457539964596,0.197156983400666,0.126565869762252,0.257100606913978,0.399159901665285,0.0963784295485011,0.278770504156662,0.262861222918124,0.204554964719969,0.228463725913458,0.0764488445518053,0.055665631147481,0.071258639116787,0.055696691102256,0.116829601981092,0.0527691493456205,0.0991704964290089,0.058321325188968,0.103022889977219,0.187985439628643,0.130575941153666,0.101614562034486,0.179375266142972,0.106606253729214,0.131893985285595,0.154426959528604,0.149272082487552,0.118207070221015,0.117340119773516,0.134969544660542,0.147393329764425,0.147856418849348,0.192915359476731,0.0782817570285585,0.133336189430504,0.0987030379164933,0.126811904182088,0.243253252133318,0.152479398566127,0.0819484344210277,0.132150720345932,0.0762670235808799,0.120073975433429,0.0923719117915978,0.047840770901467,0.101883307292364,0.143245375300603,0.139655975889096,0.157453942464533,0.149938977840797,0.0682937132595714,0.171262280607743,0.0929248909457986,0.125527973554265,0.157859218665675,0.211272972470333,0.194337252523605,0.197972122998652,0.169847109978815,0.170889908987665,0.208059601431699,0.139634260816513,0.141681254134151,0.140119564000127,0.0804647262432905,0.0864376240135197,0.162097555339421,0.10179015987079,0.0438936642602815,0.0762846001662226,0.12103564359797,0.15894446034651,0.114997475619248,0.14144848087722,0.110271764234333,0.093194058343957,0.209636606281657,0.215254493530101,0.120465048754471,0.172766866319983,0.131784182219763,0.182568176767338,0.152401006246551,0.234521914162172,0.0695913478844375,0.205125035141273
1905,0.75899565284989,0.832275451070949,0.676914154266934,0.781111877336062,0.814989304480426,0.745199426603259,0.399020668385182,1.0,0.577130527000492,0.708273521895381,0.729705576412319,0.332052969863091,0.302709400260731,0.0804906005220935,0.15911229035902,0.183232866786195,0.239899964400097,0.149971463160856,0.275037233787306,0.0756343083109606,0.273540812469015,0.193025973805604,0.19892554105483,0.0732766127351332,0.0586833374215842,0.467746806785982,0.0942394668205871,0.112663341110983,0.101351212094888,0.0766962527155697,0.0814837560685084,0.230152363644515,0.0824809045684916,0.133868524892632,0.104897632808009,0.407711869650728,0.122379327721747,0.249086253551559,0.166178190677385,0.140932486358471,0.243701262914653,0.13532423463345,0.421260273839328,0.136925056045571,0.175144854363642,0.153972041241771,0.150324405944858,0.0957383450294119,0.188373155017114,0.0541231408608628,0.200663076970126,0.0533064700934056,0.134414599553463,0.238205349889876,0.175206224923781,0.162520526222728,0.167287664809629,0.24502040046757,0.219321290007777,0.219417133683626,0.202612567426803,0.141068092517087,0.172881175063273,0.173958612151916,0.200638359134488,0.220616600890416,0.24964389493322,0.155045565625976,0.215778797230213,0.19768615260064,0.206428049479937,0.171062981091929,0.238655485235005,0.169333710823195,0.225917797350348,0.0870063310948253,0.207435544660332,0.191921334148526,0.142875316403222,0.105401583420433,0.148339027064963,0.193689064825813,0.255588355441607,0.231910099966483,0.177866264199619,0.297833831451295,0.209541738843721,0.25027433191116,0.174056679609583,0.275954064094601,0.419495663502544,0.169165075874356,0.223343621363077,0.181868205122466,0.234775711010564,0.158687341400777,0.145036125360286,0.107903676523334,0.167951483052579,0.212615086894622,0.266891142462926,0.191417743630001,0.0683766680101125,0.063478595252272,0.194257550155428,0.207871765643715,0.123462178223101,0.167209178945276,0.154627854193649,0.0913388396785348,0.213579999745989,0.389093536883909,0.26874581161661,0.329620795340175,0.171946213887631,0.256794737757999,0.200067610260852,0.240539341885924,0.0918403517396976,0.206049096748456
2106,0.613814696272437,0.605212812762865,0.269505321050737,0.71298636830306,0.649752541231275,0.673658711859108,0.235632231551702,0.577130527000492,1.0,0.518409877925805,0.639949770958326,0.172580629757064,0.10078673953031,0.106233034372258,0.303433358125029,0.694707152217645,0.126185404696553,0.465330312408613,0.185233902470651,0.128019906392784,0.211387837056176,0.11234423728122,0.190300775741658,0.108285920364498,0.0723085476242148,0.120168915204061,0.175297383678882,0.0793475641293938,0.141570179156936,0.125714871843022,0.110214376631409,0.35318828512633,0.128409940203036,0.199756392523747,0.138769468986238,0.121271820010916,0.210444073539503,0.27143611495362,0.153379213225679,0.274939764148986,0.419834743618107,0.433377738301156,0.344898107511807,0.120562675475195,0.224927984406336,0.163593219907603,0.214952683432304,0.15908505819812,0.246069983435127,0.126824956616176,0.236089435751604,0.0623761269714898,0.350232153267801,0.275117601491157,0.260741535188225,0.25340946674992,0.201647868219164,0.181624229991536,0.416959576912769,0.384125403069369,0.370924045707137,0.270795326511184,0.340613463723083,0.48526395152994,0.445461726592627,0.49801659721313,0.357377998260605,0.223398030191335,0.494284331815033,0.33152928376148,0.233417737568315,0.584961453045846,0.438546119035127,0.301350478354034,0.479871369736845,0.219825878035296,0.404816314874351,0.275132525403981,0.167282711555445,0.231471149578807,0.37321579950328,0.363311519357303,0.485402999711105,0.404071633932775,0.238805072309185,0.328849720288907,0.20820854863688,0.427771443265674,0.462976869559776,0.282582799079942,0.212374583298398,0.511098947760214,0.478285848012305,0.382358107811069,0.426428020760501,0.543339228779575,0.649874261453632,0.276849584469194,0.129693416448353,0.218041926943141,0.31187004584489,0.225359426537336,0.0731538353498359,0.122244696087209,0.261856906683405,0.377041530657325,0.300535544343858,0.298887954805104,0.335151229822321,0.266704811172765,0.569274432153084,0.347520402510552,0.266428949181499,0.141598820583472,0.370558556072311,0.229641233099192,0.187299297844085,0.331220052284614,0.20177967410308,0.308109355778207
2203,0.640933998175053,0.666199208104595,0.487252198544682,0.666608011707996,0.689145737630711,0.688369631440351,0.279570928838595,0.708273521895381,0.518409877925805,1.0,0.80736632664075,0.362360902950291,0.168105269684155,0.0711793118255283,0.501978260422133,0.303984675422328,0.315202069144261,0.227763266030174,0.304106389339869,0.124567672443821,0.273301460814997,0.152161959054575,0.233664818988549,0.169907809179056,0.0764428124832684,0.385606493816412,0.160279292509226,0.194413804794194,0.176194279649691,0.126921634934736,0.20380313241805,0.37943338563248,0.148263555574247,0.253190526508815,0.184297743111582,0.425140561102642,0.352661945327937,0.380181932474062,0.300948496837474,0.130926120240614,0.236337567906923,0.172439630154054,0.367143491653261,0.361753251412446,0.203701919022155,0.163459231275333,0.174543809773922,0.129798500443091,0.262068685924556,0.0641737628653625,0.215840948994658,0.0749135358476538,0.182784933995322,0.260150288335952,0.211633553426872,0.232361516431367,0.304093793234217,0.240735028697061,0.303712303963828,0.379003187853655,0.308554720873271,0.226085736453938,0.324383164523402,0.277552815019267,0.27775404303571,0.330116576562219,0.384988225613823,0.192289944926635,0.27789544362628,0.23349241602773,0.227016582532531,0.185028326543455,0.313209719011667,0.216663787643233,0.293147573941982,0.169038011306718,0.210075870800835,0.233665689593873,0.14866911523317,0.253653697946154,0.208866634952436,0.250053194936937,0.264025955840416,0.255304971766772,0.162677919488954,0.427856000267491,0.212896324935238,0.221450575994114,0.330752462622612,0.34524208991831,0.374116249040067,0.273858915554985,0.337160224555021,0.184948047557418,0.225481954253619,0.224273337687154,0.196011112294147,0.246590346381378,0.14739647310828,0.230583645273212,0.311080205622274,0.266452577426048,0.0901717201418484,0.121336891038645,0.206283222847378,0.343798155152751,0.231968042272487,0.314611409212438,0.286928048117921,0.222594365812966,0.316103195130336,0.427314213435853,0.296257380685105,0.372355628243531,0.423322200092377,0.399743562993379,0.350766417164421,0.491358393837845,0.123888314650763,0.463444745463262
2309,0.697070437733392,0.684773815900315,0.382298239298354,0.733280360904019,0.715229680885945,0.737530271723541,0.21596622772539,0.729705576412319,0.639949770958326,0.80736632664075,1.0,0.423413877275376,0.224118540197727,0.0814093865521854,0.3542740433912,0.427259111675281,0.448466932331955,0.264741089679327,0.214055925119611,0.130059275699838,0.223720191758042,0.126454490331259,0.203718623931035,0.127653916739557,0.0757702387980669,0.286033738563492,0.137595227624596,0.153597053504111,0.183893888177423,0.115069189522398,0.137240331220097,0.306172695441342,0.130583826259675,0.184887101224351,0.140089465485357,0.24408587063268,0.277459218710604,0.355976585227636,0.240079473668177,0.156510690108559,0.317761625735134,0.313673135200024,0.272440551071957,0.255171646323137,0.182855619675865,0.156645915133436,0.166323820539058,0.112067707654755,0.230669926197146,0.0707448867521285,0.212938846446831,0.0531860912827285,0.197157172682284,0.268519358836239,0.188509568409395,0.227123835812286,0.356880543911575,0.215123792559966,0.302517761035356,0.321394823565781,0.326971762793189,0.227884468295461,0.257731551773142,0.27154050129029,0.30897170104892,0.292329052259715,0.369429978602827,0.158956827331089,0.275407614783976,0.230347362446768,0.250068761298009,0.292385531617502,0.343122363929637,0.209505628559181,0.308862838678344,0.164731154944662,0.219099226317586,0.198718239061275,0.130897320302282,0.18676106629013,0.21977043689946,0.257171536858028,0.288930941968345,0.268152594624058,0.169187448420525,0.375965507706042,0.194889788037144,0.241980838117335,0.320261810387654,0.346199434534836,0.251611860883512,0.271851595659522,0.356098564850382,0.215869530818839,0.292416169829119,0.244742093541951,0.251829426087043,0.230567099749862,0.118907233356893,0.191616000346771,0.278881149594151,0.25137183523425,0.0892987759768541,0.0953833856885389,0.215140653800214,0.335749501781046,0.233178355738619,0.257481356187937,0.229822087880572,0.179635461172671,0.374789886097674,0.313812770990924,0.235842444298769,0.262265497968372,0.267102415631412,0.301941570965412,0.348850652239086,0.40452719580134,0.121424422106841,0.384947375081976
2505,0.106319308562172,0.0720478290494479,0.0433319780695119,0.0796603624210914,0.0858879877718034,0.0965738344057709,0.0936001167293321,0.332052969863091,0.172580629757064,0.362360902950291,0.423413877275376,1.0,0.855459258680689,0.236017501029946,0.228123435428946,0.177072118303684,0.87478822601194,0.18557969972135,0.174073789342143,0.105644479371596,0.206515152951802,0.187554161015726,0.171766904467327,0.0869384192561619,0.0583500849025681,0.0857593725609578,0.106369613452415,0.13685327493978,0.0711830853981727,0.100248611061066,0.0858974445740293,0.1990603930348,0.0761531539857098,0.129940543598514,0.0774133766306621,0.107966973669328,0.172598761283727,0.19717495880599,0.234095025730394,0.25222469198249,0.428425339875809,0.151260808249948,0.117044527726062,0.133159577090446,0.341613968776125,0.316855643490033,0.267197235741306,0.186349379025311,0.252541372749004,0.0861123618644804,0.331778908291086,0.0605371024551201,0.168215560236838,0.236921871426391,0.33834726038798,0.256146707675837,0.203197949877912,0.334960930876904,0.339724424155627,0.381394902637389,0.261829590721401,0.243254817591284,0.223596733901257,0.200903480424321,0.316702104754993,0.329544466940503,0.381886420119581,0.273696821024853,0.332727846422864,0.348638617254826,0.325457945781397,0.221377483414082,0.335829719593301,0.31728651530262,0.335120103481909,0.0954824206196332,0.324987699665742,0.341717606481204,0.312228608057054,0.156687666679875,0.155028104071108,0.275981760692457,0.317768802705941,0.332009645496518,0.323010590378784,0.328684436598646,0.321733743951741,0.399436228066021,0.221992099130155,0.178443400246623,0.0867425006529175,0.139565647872098,0.298033629313531,0.125697940083028,0.157144091127875,0.213805232162949,0.162290546590929,0.127780119395407,0.202025994193995,0.332847804579597,0.239272223272938,0.340498481817237,0.134352982139342,0.0743860369353541,0.285226765585319,0.200854703534843,0.163791624424667,0.201610473610034,0.253435204739143,0.106990819695235,0.221295404763054,0.147084994381428,0.321600086184131,0.121810314984418,0.256419864152538,0.18950142016439,0.134080299867812,0.248847476350921,0.128444083229846,0.254958414671409
2517,0.0552524983658678,0.0450257509570366,0.0246355902770538,0.0410461259680305,0.0461435728761111,0.0415569851149415,0.0694996434535476,0.302709400260731,0.10078673953031,0.168105269684155,0.224118540197727,0.855459258680689,1.0,0.170345161792071,0.0852660768182793,0.0841221477736482,0.673709088242954,0.0997368774242097,0.105916231343022,0.0613232781017639,0.130637264446222,0.227978037239374,0.0838575097938923,0.0471714468483452,0.0580604483038635,0.0441677631393707,0.0759474839745296,0.0990446098102946,0.0457277662405965,0.0535167504456505,0.0373667199112769,0.0905884240331133,0.0407827418164892,0.0762826313136856,0.0418715528041292,0.0544427046108708,0.0576403209498807,0.0862799940282156,0.132315243654732,0.165292210739545,0.493194962519122,0.0890682925676987,0.0781144567613176,0.0614323119538148,0.151981686570972,0.127317694193479,0.114875736568615,0.0833510700295926,0.119563066550333,0.0449828930370806,0.143048091666849,0.0352910406458893,0.105179479778278,0.101483985180405,0.138606370859913,0.114218231527039,0.079573925416652,0.129296576337084,0.141143315191336,0.150031328667119,0.1209630312916,0.106484402443715,0.104040621816936,0.105025660303512,0.142942159564175,0.143961641326541,0.170375105760576,0.108925415107858,0.153633917698683,0.149485744021393,0.162879500902816,0.0995710973123238,0.139367183569321,0.134420512301027,0.147535484861358,0.056428125172895,0.145320325238422,0.135114993636812,0.122433408236302,0.0687962539585543,0.0837338630305427,0.166759540468529,0.151272169291868,0.157587868236381,0.133006328904097,0.1625748553374,0.134605654980655,0.247510237774677,0.115963555963498,0.0723808364482001,0.0385462674471157,0.0700807601489546,0.142725172917666,0.0767640470684071,0.0989726844757601,0.142015842743641,0.0924473547187224,0.0649574157505655,0.112403325051025,0.132193255699413,0.128848254656467,0.169669696667794,0.0522059161596033,0.0608699396523838,0.148663437045737,0.101932477902237,0.0971939771524265,0.109611183352023,0.114002543249383,0.0551063909597204,0.115141440301863,0.0697641423813721,0.139798481106359,0.0812081366701922,0.105177076574934,0.0942968495954957,0.0693687103646508,0.0841273328334173,0.100007158313209,0.0909688864104738
2715,0.0326423127207584,0.0174504377838686,0.0166933786208593,0.0305074376815309,0.0308439987035765,0.0390553037487805,0.0302275353497628,0.0804906005220935,0.106233034372258,0.0711793118255283,0.0814093865521854,0.236017501029946,0.170345161792071,1.0,0.0615347916643515,0.0688371985781024,0.0929269664601707,0.112689389572232,0.328909558729882,0.0317638296535999,0.0617199036744773,0.0837898250350971,0.0431218377781914,0.0283540796390645,0.0209047088042907,0.0316182382316321,0.0678244491809291,0.0558957067858708,0.0246136994487851,0.0265271899995007,0.0231384103396816,0.0546497983674819,0.0251945604123669,0.0305253267248773,0.0250599170463598,0.0296274555993736,0.0675559205519493,0.095943378224716,0.509639028291236,0.950825604096392,0.0729038489085297,0.0354054689496158,0.110163218080365,0.0281837361773956,0.0548814722198156,0.0584895691619036,0.0611066878400185,0.0785266184684783,0.0598843847699627,0.0238487112948355,0.0565565026372083,0.0166804377462251,0.172167881463556,0.099464143483431,0.0517039426487337,0.053026688900105,0.388299045164272,0.0498077374037046,0.096371671525287,0.104051048159079,0.0902569219832449,0.453820663164288,0.105683370071658,0.160415598534198,0.105430798501261,0.113780043857428,0.133216567225761,0.0678937664792231,0.108777813223314,0.0775390870563301,0.0663067396957449,0.0627803171171213,0.0925474680391918,0.0780575232268506,0.111311269724261,0.0441858408043071,0.103995412006686,0.0664042558338351,0.0454564122011644,0.0371333238306489,0.0783508571460385,0.111318310311754,0.0932049462910174,0.0928372418299406,0.0478159157778392,0.0828793289354184,0.0506480567606223,0.0954080317495663,0.0901477530834701,0.0754905652078078,0.0318822780055751,0.0630565910471799,0.113896499547644,0.0634489748415962,0.0840066040497872,0.115072648365769,0.141838520139681,0.176883538721646,0.0444259903203393,0.0488157211140667,0.0881818830829914,0.0672551848507058,0.0495061659584417,0.0334341825670499,0.103832739731196,0.101650514277797,0.12609621967718,0.0738783828269319,0.143325664202216,0.0430729292981619,0.113991308952802,0.0582887372309306,0.0608287774316399,0.0409373319257838,0.0788506189359088,0.0603816659659881,0.0428850348337152,0.0749151037497072,0.164715501241887,0.0664365166563496
3401,0.114224941633162,0.135680103504421,0.0398390861069274,0.108152999111935,0.0914428682864762,0.183154500124477,0.177466912263545,0.15911229035902,0.303433358125029,0.501978260422133,0.3542740433912,0.228123435428946,0.0852660768182793,0.0615347916643515,1.0,0.574830201194735,0.138792635060699,0.234428094994813,0.194059160337669,0.200959474451265,0.178683227795954,0.127519120776689,0.190157692656671,0.177133661122005,0.073805978858272,0.214085172230739,0.167072412055535,0.164165995618879,0.177909897154553,0.135124989641559,0.231772262319188,0.32689482070421,0.171029896804737,0.239678967959492,0.200694197920939,0.200722624681083,0.462151807088086,0.464574728831876,0.133891697966432,0.122757223472046,0.242520910886154,0.341578218056327,0.207828448048217,0.31352549683837,0.125326291910972,0.0679371352201046,0.121396168114005,0.0986223261166953,0.235135208397722,0.0535813879487823,0.152820073623642,0.0445420968412518,0.194587721120239,0.222988276239693,0.141946432993824,0.196332294800183,0.523628174756216,0.15924286139413,0.288691038454414,0.415278978431487,0.295738728443754,0.225182266520464,0.295320622701927,0.292917393400335,0.322301792114178,0.328130361763098,0.465757827393978,0.138011667790066,0.267609294291469,0.185148061378287,0.268647687273645,0.184144711128586,0.283016416666124,0.170040741318678,0.267926608638283,0.209847662434373,0.173732685809353,0.17739753349576,0.0616709106118814,0.276651195979758,0.244872608677875,0.247071481920233,0.216144959965544,0.219165010862542,0.0889172078869087,0.346652712603542,0.117373501339411,0.180700972968665,0.423835636037249,0.483647495635153,0.168192328276381,0.344701212168606,0.41070729275194,0.213553822084805,0.243497672827724,0.271378903740136,0.266903551250356,0.340551157388242,0.0660052057518839,0.134214036805718,0.239145501309837,0.21317605297415,0.0573892170837344,0.106618357398054,0.148503511281725,0.361294981529412,0.196363202689299,0.327661812024053,0.258055640246402,0.275866531205275,0.460455270297558,0.287751751443637,0.20018654222833,0.225998179935994,0.452385512177775,0.369687588501732,0.328277039627909,0.643534977938056,0.125390519826661,0.624252140776538
3402,0.09962530348473,0.089989706589042,0.0607439998676378,0.188496601331782,0.111003332418313,0.172547831011311,0.279505751257327,0.183232866786195,0.694707152217645,0.303984675422328,0.427259111675281,0.177072118303684,0.0841221477736482,0.0688371985781024,0.574830201194735,1.0,0.151974463960696,0.546778033889162,0.18670187832926,0.175595900114427,0.214279017961104,0.116149789867096,0.208463946674781,0.134830420104928,0.0887385275532791,0.158754538103156,0.183886240770911,0.102168451490065,0.155682581763841,0.131031473188685,0.143043450277975,0.461360990841458,0.145087179026934,0.240356835101404,0.173989020547838,0.107241385708457,0.275246237749161,0.357617279984332,0.132124996053782,0.271079277163277,0.617958412610582,0.762998477301445,0.331569770131523,0.183489346057479,0.212134309152829,0.152680723172156,0.206122312899247,0.152673905579003,0.262513071131368,0.110994506648884,0.236519600208888,0.0581436583054601,0.348982299321356,0.367186461786832,0.24326500066073,0.25217428786925,0.340137492464229,0.199205140877135,0.415973722912074,0.418537396448824,0.39252800779125,0.272423842994384,0.343928336506066,0.4736505703296,0.466746526715094,0.475845520250034,0.43894218569336,0.21006031165696,0.464197541084428,0.317007797301317,0.286405433900789,0.774186693171838,0.432054129395215,0.285975401621316,0.46421506195366,0.247823185924198,0.365364880285455,0.26176982190401,0.146816719020852,0.239037726860915,0.356804196187459,0.356647070970567,0.454041004040795,0.384039715994722,0.217343386154669,0.357044170017066,0.193771632908585,0.386413687223164,0.471437534442421,0.39606356248746,0.199824582907522,0.634598458055511,0.520092527006563,0.35979752115449,0.430276791908217,0.511426046226944,0.5878830865257,0.394753288894192,0.117443434883149,0.205621866638447,0.319247883058543,0.236117736157967,0.0743683643672162,0.153538177551337,0.313073796827897,0.399697652183043,0.291576492547977,0.327009492498225,0.309902721277386,0.291645560258812,0.599907811311605,0.340107864499002,0.266473505007507,0.158267485834454,0.390946880136815,0.287587498921611,0.198410122391068,0.463705229309149,0.195316366717351,0.437658836880838
3824,0.05056596944854,0.0393104566124144,0.0232335709553553,0.0499596429182964,0.0449706142744774,0.0473841400393893,0.0754321821587657,0.239899964400097,0.126185404696553,0.315202069144261,0.448466932331955,0.87478822601194,0.673709088242954,0.0929269664601707,0.138792635060699,0.151974463960696,1.0,0.115490598059847,0.0819016752891372,0.0580495124854067,0.0884456555549434,0.0859864083416551,0.0738617822270411,0.053167894155028,0.0336687585949699,0.0522831750157279,0.0802504718048049,0.13797071264742,0.0450805206777204,0.0518870847712895,0.0528671628842584,0.117057383547212,0.0485286039706897,0.0812024195689328,0.0574477739838679,0.0740105792876322,0.108603633185214,0.112177420154818,0.198824565317489,0.130052586647912,0.337618410937354,0.136011537876196,0.0901928234383677,0.0793609169520359,0.0976945104587291,0.0812243530301257,0.0828717620260773,0.0665952003853021,0.0989883082548869,0.0427528232721589,0.0989299733110182,0.0285964456573345,0.112808497511352,0.0946401683978283,0.0976653053630947,0.0963642812822146,0.0971336195493917,0.0858390740882463,0.13282625327071,0.156048726049378,0.119927334849754,0.101018205607503,0.117215807556238,0.132501972396931,0.13867412060442,0.151929122579009,0.16864717066247,0.0849724073621289,0.143377976893076,0.11306148089404,0.106858433311092,0.121363523872913,0.13275834301523,0.104969597766587,0.142468265940702,0.0705501938356726,0.119065133311461,0.101333323092838,0.0727751168950917,0.0802986496844978,0.0996395469626152,0.119091761427175,0.1310299085672,0.125737150994862,0.0847841610735404,0.136483835535129,0.0931439982866371,0.139061653557704,0.138020104320355,0.107127310145386,0.0544021834794699,0.11190961091323,0.155502579999015,0.0857849622323782,0.106368743942497,0.146818514369715,0.131917690719268,0.0847441892377835,0.0563437796273485,0.0903042954360418,0.108328393657309,0.169957827754247,0.0447644652259441,0.0627206035038846,0.109484940234916,0.138545421995642,0.147166984313876,0.106570248861458,0.121536198083746,0.0724979864331877,0.149252384743531,0.0929743328986309,0.106513179903856,0.0806249082925773,0.145004909740872,0.115842774296964,0.10394437182328,0.142975785272265,0.092473595517868,0.151342225843716
3917,0.115171214084362,0.0567872951337472,0.049886814582143,0.140934625381919,0.098557318761992,0.122576194193969,0.161657600878423,0.149971463160856,0.465330312408613,0.227763266030174,0.264741089679327,0.18557969972135,0.0997368774242097,0.112689389572232,0.234428094994813,0.546778033889162,0.115490598059847,1.0,0.228970453378022,0.678226621715857,0.70626488883641,0.623126263458853,0.740332216493457,0.64775678367846,0.0671176203580086,0.0852182065600045,0.139815059031839,0.0956858229828517,0.112388757627224,0.675566312521251,0.222967169528147,0.742497390324727,0.26730202935698,0.156630037220811,0.0961435897669567,0.0842335220968476,0.25780820339296,0.46058006269696,0.10356862159675,0.219199340727087,0.401086688823693,0.368573789846444,0.508712822533144,0.124820272434144,0.371467300037438,0.366619260991642,0.319394476974936,0.210346101332829,0.298906969472976,0.116053068378555,0.373073077126098,0.0726000057615219,0.265258010863743,0.338509144952638,0.388553430658157,0.3783941765201,0.160410429222739,0.335700860334817,0.512925862163328,0.565931718461699,0.444003848831049,0.3145766616103,0.495908315154642,0.703494035437125,0.487288012054926,0.557997734556928,0.486979700255422,0.354998550209027,0.529028002703015,0.462469715706608,0.341269774108123,0.591039509556475,0.464156845749742,0.454924394176932,0.601627002831773,0.158083229617363,0.547358997864434,0.453727137921165,0.370820810717619,0.225817537422609,0.359962552926114,0.506747752345368,0.527840554278369,0.511162915179598,0.416544548811013,0.429142630685712,0.359229727719197,0.454283394431322,0.409351392877777,0.293024763176417,0.136251482681572,0.391473929571906,0.461877862468219,0.337589825355371,0.40066908848599,0.581705842955561,0.597698661499231,0.272488925038331,0.221994212707359,0.361867587599087,0.406972285231335,0.335926326973696,0.106398140625054,0.115170697493393,0.36187449614809,0.650061171040434,0.660109210484823,0.318062088923331,0.62063730131556,0.201719044511183,0.52035065460577,0.272812904006316,0.36392394502901,0.108561396908718,0.307428116194799,0.197365634395102,0.124835623849982,0.331620358916661,0.163451826020227,0.269690889417479
3919,0.0644391831745159,0.0898329771993513,0.408435954966219,0.0838430683193006,0.13304922741383,0.103660209830433,0.134944058416627,0.275037233787306,0.185233902470651,0.304106389339869,0.214055925119611,0.174073789342143,0.105916231343022,0.328909558729882,0.194059160337669,0.18670187832926,0.0819016752891372,0.228970453378022,1.0,0.218057310846355,0.410282492751924,0.272943807964831,0.315203622129341,0.264819528842431,0.0353527867282617,0.464714814554006,0.116798531914978,0.146271050576887,0.252944657477268,0.233724130962099,0.257676729166616,0.396706052821222,0.275791815978323,0.199738659146112,0.24991732464391,0.406582397111526,0.18600240523901,0.376359006177312,0.289240123381134,0.397689541995447,0.180265089888944,0.155898632744519,0.458547577318736,0.168363823622957,0.128475106362129,0.0844346465859622,0.131743442532126,0.176207510967017,0.181761222657502,0.0431804956638099,0.151629229675343,0.0479470852451108,0.167439610025438,0.219934578825882,0.103186237683024,0.140138725039557,0.375551196896393,0.2411705129681,0.246601379926059,0.213682810350471,0.379163353673478,0.358004916565735,0.475898717063617,0.279734635213639,0.316482581363674,0.229038768520108,0.297126454669053,0.210248521543184,0.257443923195416,0.163426071010405,0.198876484353706,0.108094997558998,0.331210969580264,0.137856633326251,0.217192119930853,0.231277565657924,0.233721497114068,0.132974399768004,0.0757547047709369,0.121101858364708,0.157390617741205,0.199826860073754,0.207738832509085,0.189722859000843,0.1120375338778,0.243243792835728,0.150738892192839,0.1999459115538,0.199776126464592,0.33203641282552,0.410731282175259,0.178264977632181,0.225684678839405,0.13569887086709,0.204157973393316,0.187538139154568,0.185978080868245,0.162563612914837,0.165768911277091,0.159059887053498,0.278272790577872,0.152745347092422,0.282642638077247,0.0661764576885648,0.218248658647214,0.314051148003176,0.211141484094158,0.187690262407149,0.192733233853224,0.129798169201455,0.258139266948423,0.389941834672354,0.230602496214369,0.327537086123351,0.203557659469531,0.269260840417033,0.149654835404263,0.286185556013726,0.13529453671509,0.28082622752019
3920,0.0543048358534503,0.0467330526026002,0.0253426260019766,0.0484270014391371,0.041496536963489,0.069786183359246,0.0694694368360732,0.0756343083109606,0.128019906392784,0.124567672443821,0.130059275699838,0.105644479371596,0.0613232781017639,0.0317638296535999,0.200959474451265,0.175595900114427,0.0580495124854067,0.678226621715857,0.218057310846355,1.0,0.881085826701242,0.924017986184538,0.938791148523803,0.948696176717743,0.0269850214322471,0.102019861522875,0.0646379489457557,0.0627712545482766,0.106133444035506,0.963834526143638,0.293425769682505,0.809496359030113,0.346962006269504,0.0770714493853596,0.0613041855193001,0.054485131504321,0.141104545321683,0.626416636109888,0.0532092423651696,0.0756404346234141,0.11126805872675,0.151215720054404,0.228147318420262,0.0745940109470949,0.0973643753141447,0.0701257862801145,0.0810227177147768,0.0573001200046027,0.113672073534054,0.035388029808636,0.110768507522736,0.0227460030893411,0.097535886412897,0.1231204536396,0.105205855293481,0.231338563059101,0.19712623345816,0.107303515067251,0.148304745593757,0.180255316955832,0.139019904567821,0.106831268624455,0.116285515945513,0.133777928506905,0.17262255188798,0.158843412938152,0.232309221589306,0.0827304893334313,0.146940297723391,0.117856468160252,0.160240082318541,0.106692232413497,0.15130136228384,0.10450178957913,0.149679612328656,0.076920166627841,0.123036995185453,0.112637918781282,0.069187590138527,0.147107608092116,0.121448407628651,0.136127022639257,0.142146690644803,0.136045053473686,0.162901474661128,0.135522640929019,0.0891241746574023,0.132023401896473,0.193776818853771,0.215574493735616,0.071969932207058,0.141287168719598,0.196490897245433,0.134413074501137,0.142203284771465,0.229358998456318,0.166111333096927,0.155781727160618,0.049191416291759,0.089347376333765,0.163089993056303,0.106871445626948,0.0315962277165236,0.0619131775588556,0.0916800195574506,0.501650587322623,0.290940964580353,0.132107786294112,0.125228919880018,0.115588491874149,0.219954677392884,0.138436644202496,0.116389378907627,0.0692391828682587,0.136665410729372,0.127632393738144,0.101088885927234,0.226526781936173,0.0641710483017762,0.233343920217008
3923,0.0864843297284521,0.0775815260622121,0.352943160634944,0.0916683164894134,0.138290179374152,0.0964850952163363,0.129913748009649,0.273540812469015,0.211387837056176,0.273301460814997,0.223720191758042,0.206515152951802,0.130637264446222,0.0617199036744773,0.178683227795954,0.214279017961104,0.0884456555549434,0.70626488883641,0.410282492751924,0.881085826701242,1.0,0.894933541985027,0.965883878590919,0.862553739997591,0.048023409174092,0.390033214622714,0.0952229124168392,0.0967330708652292,0.147831344558911,0.886449731176098,0.294793556672002,0.867348081510568,0.351058958852322,0.133290515831849,0.116114092196001,0.344084527443066,0.140753533371318,0.632423244907195,0.141508278838404,0.156600423679731,0.215263353839193,0.118701283753027,0.498430817050944,0.130425834757723,0.306287401025884,0.273740039823252,0.234588446509529,0.152891783824181,0.250086675946377,0.077453148613891,0.312236473024845,0.0605700770432373,0.159989190232693,0.282929141461109,0.303603698883849,0.34605181616179,0.175283467951872,0.386785110674316,0.351498127395426,0.342823363015127,0.261264733288994,0.192207610616709,0.229292589311364,0.243650514065099,0.310668578817338,0.324913559385165,0.395992070329123,0.28240377038852,0.345241885146443,0.327259468700654,0.297567987014726,0.223629113626489,0.398720793819028,0.288604892551567,0.342186459061296,0.111863172355983,0.358187014881575,0.318536860656971,0.276866744523368,0.174235114387939,0.180676116051189,0.275924142004875,0.34519877336775,0.328283376819706,0.365321770830589,0.351529722411747,0.322248866320116,0.350399450799997,0.245934560904022,0.278876273655172,0.369448916909728,0.209442801732855,0.298021899443213,0.181012525153349,0.218179120450603,0.298532768449695,0.218719814808035,0.170240716865162,0.207330660239592,0.329958915524715,0.362568467104565,0.25420824031889,0.214181880144554,0.0736464767874838,0.283308135478286,0.551924239735172,0.338910605604025,0.220614023022474,0.250984260380121,0.142245850293877,0.259819503009587,0.380988505449954,0.362170783275572,0.276938427900879,0.225179720254399,0.253771784312211,0.133501430272318,0.265944097472029,0.0972690795490227,0.243932763596244
3925,0.0328328526452036,0.0451183419086107,0.156256772781599,0.0396375090095687,0.0568591199022837,0.0530907709209613,0.0699878050596007,0.193025973805604,0.11234423728122,0.152161959054575,0.126454490331259,0.187554161015726,0.227978037239374,0.0837898250350971,0.127519120776689,0.116149789867096,0.0859864083416551,0.623126263458853,0.272943807964831,0.924017986184538,0.894933541985027,1.0,0.902941503770044,0.909436591516783,0.108220234987463,0.188313359512681,0.126979563391249,0.122880302734947,0.146183667532193,0.914485795752362,0.279783710551502,0.79135925406739,0.33318201285519,0.0995419186877299,0.0713317105902302,0.160186676927062,0.0751818822478372,0.562394118369459,0.107413284509422,0.108979007527395,0.11986813760143,0.112389293995653,0.310403804051368,0.0720167307054219,0.0556790751944083,0.033900327078376,0.0553889696378511,0.0400934765596648,0.112316383890131,0.0281731381139539,0.0733047273820906,0.0250936547617028,0.106080570493311,0.118679648990207,0.0536161319263347,0.200295796495907,0.15973876041257,0.0702110794026245,0.107742541899194,0.102387960739654,0.123728585440484,0.112362243139463,0.10533194436328,0.117200563866016,0.113557985322689,0.116337017290619,0.162877553514248,0.055562731619787,0.111155646503994,0.0733065461838223,0.122830801762031,0.0741678652680047,0.126148642448726,0.0618520356046613,0.107633618742543,0.062190751052645,0.0735945464255941,0.0624574136891569,0.0250837334278167,0.148478383486638,0.127952150162558,0.122737381576022,0.118468281907522,0.0994307878015688,0.114954001502686,0.146204005812219,0.0629401552874414,0.121743538402756,0.187230551894322,0.171622962469231,0.191360404998859,0.176318625373164,0.153698177288746,0.137860691948796,0.135265590013109,0.234468890474983,0.141630283479057,0.19083429438493,0.0696006036084684,0.0623933900846479,0.181419906054037,0.090328192304778,0.0299133604729579,0.0612433353064144,0.0784983510135877,0.480868264865473,0.271464365276508,0.170583174806542,0.109143130883854,0.158465637081573,0.171797766237033,0.223062760130701,0.107291033989514,0.178479245692945,0.107754589381733,0.167583908991055,0.0943972762770816,0.156691200058478,0.0803551395559193,0.173071453487664
3926,0.0959566560620433,0.0670087413252111,0.229005240049382,0.0848249162940389,0.116087044055152,0.0988873840570001,0.112344350203955,0.19892554105483,0.190300775741658,0.233664818988549,0.203718623931035,0.171766904467327,0.0838575097938923,0.0431218377781914,0.190157692656671,0.208463946674781,0.0738617822270411,0.740332216493457,0.315203622129341,0.938791148523803,0.965883878590919,0.902941503770044,1.0,0.914460558305814,0.0390543082193211,0.277157800538555,0.0919377229960013,0.093694284015555,0.169829420015217,0.943870868936228,0.332827889878312,0.873408796270206,0.393332800594942,0.138230204507633,0.13499936697306,0.237405635851292,0.150724247203938,0.640174354196387,0.118461853452365,0.133630100047435,0.204403591085796,0.134066115632999,0.401369398414181,0.1241947163044,0.330854745357396,0.311468027704088,0.256775433817541,0.159142619063902,0.263875975111763,0.0894584511744931,0.338177248811319,0.0686508150116239,0.160105876152838,0.294534696903175,0.338525497320273,0.377636776413923,0.195297791425518,0.358623735338595,0.347274409987886,0.357366436297909,0.27596145475967,0.206003271722451,0.241216897913539,0.240997074929157,0.312269393525524,0.328826893605392,0.390388327995811,0.258071318279092,0.320424172202191,0.344062529930095,0.318778786114702,0.24148638568789,0.335590994561455,0.316386653278038,0.354943410987328,0.13940078686524,0.317869171630605,0.345967768453048,0.307676249337109,0.184179224420672,0.185523955813408,0.28697705529792,0.35329242980281,0.340278087258936,0.399379073928273,0.350921959974351,0.341205112289822,0.326509608574522,0.252398788491924,0.261376307273257,0.263957674280244,0.197581715855511,0.309395751518223,0.17457406502215,0.210094260499119,0.302116350483851,0.202056612868231,0.188648170668241,0.198024417754411,0.338406204524319,0.327348287976216,0.283606337342524,0.0851740375007751,0.0786694369524033,0.268153713234448,0.560796137900193,0.352479201928001,0.231255805703271,0.27120558414827,0.145690122133015,0.261461107114575,0.296496494175638,0.361299820772315,0.207085316164022,0.211508274915214,0.224396020344599,0.14531698943036,0.265349966225043,0.0882728555223948,0.244932734256833
4016,0.0477816076373943,0.0398908202930486,0.0494286684173798,0.0431441821510581,0.0454840536172689,0.0654346350575711,0.063624084983001,0.0732766127351332,0.108285920364498,0.169907809179056,0.127653916739557,0.0869384192561619,0.0471714468483452,0.0283540796390645,0.177133661122005,0.134830420104928,0.053167894155028,0.64775678367846,0.264819528842431,0.948696176717743,0.862553739997591,0.909436591516783,0.914460558305814,1.0,0.0341141704219945,0.091374312105278,0.0751471478822914,0.119468392913341,0.123603573245744,0.938237920133723,0.294949099425446,0.82004866351362,0.352497127611342,0.0908611301055114,0.0758440639023908,0.146152302582739,0.246920307251216,0.629875291068132,0.10309050987891,0.0968586138780618,0.104555424173804,0.0945232147754218,0.22853427660607,0.121855012405501,0.0907033041796055,0.0638106687599888,0.0767642681305077,0.0619729995762467,0.113856703355405,0.0300777891771532,0.0933747411879049,0.0309382378372224,0.0897903905599387,0.111981875500477,0.0834976373065545,0.216059243842745,0.158034975273265,0.0791419409507907,0.120758827083947,0.144362902067279,0.136485674694316,0.137932011985387,0.131999375040438,0.137823855313999,0.14659956316633,0.146977318284838,0.194329962715633,0.0837306315406834,0.12824007457937,0.0968151986679269,0.127490581647737,0.0862614905814077,0.132887748213215,0.0945142654503427,0.142469019773055,0.0817236679129173,0.1031839216109,0.0930451679882847,0.0590747037066693,0.16196644932083,0.129751800181058,0.151844667039818,0.138838350247794,0.12109798655816,0.137406255103831,0.139698451786177,0.0815533013285758,0.10336347048198,0.18997801376136,0.154750610313459,0.0874510510919055,0.153971796612229,0.156771177590553,0.128517293383105,0.154643294480904,0.230823527020996,0.140162074665234,0.187672897897377,0.0617214861552413,0.0761781233401793,0.154650734187809,0.102892840175793,0.0375833923759149,0.0691456451443156,0.0975866869284003,0.520759513750966,0.341950930221345,0.177703332427333,0.155523914325738,0.157171964371661,0.185064934336169,0.157451117593304,0.107970503794261,0.123907380507409,0.148288685825029,0.143620276407462,0.188649832372332,0.189827653462778,0.0583764859641579,0.205111881073755
4409,0.0183397902520285,0.0159811346600442,0.019178705060385,0.025215658244581,0.022725376845531,0.0323816156717282,0.038262936477317,0.0586833374215842,0.0723085476242148,0.0764428124832684,0.0757702387980669,0.0583500849025681,0.0580604483038635,0.0209047088042907,0.073805978858272,0.0887385275532791,0.0336687585949699,0.0671176203580086,0.0353527867282617,0.0269850214322471,0.048023409174092,0.108220234987463,0.0390543082193211,0.0341141704219945,1.0,0.0454707028635291,0.831070200127012,0.728398877248134,0.0417781570712375,0.0251375303870242,0.0317991451989587,0.187600852136566,0.0256622333458448,0.0398897228864844,0.0325965988232308,0.0303996717177003,0.0432509961058333,0.0555898863498614,0.0341768263013409,0.0358042620323245,0.0664865414370606,0.070259634118441,0.0554818567348835,0.048362252533366,0.0382334174399193,0.0291516545950131,0.0382090128218594,0.0292821325740556,0.0511231215229021,0.0180752183571253,0.0429473616718968,0.0119929382331252,0.0464055111862455,0.0513452193145744,0.0401808857279592,0.0444771709698598,0.0604421935664172,0.0321550485734893,0.0633106953788357,0.0629331294532051,0.0763118757108501,0.0519096612593707,0.0617295114937702,0.0752470862473473,0.0678043738508538,0.0735495173165212,0.0796446480161876,0.0399637167335924,0.0719393605674885,0.0511751251750485,0.050739992483691,0.0704910899267334,0.0743531377067297,0.0504661654126585,0.0703667660922961,0.0396734075822562,0.0662718684674342,0.044812243464683,0.0262496360883241,0.0495566435064915,0.0734208605195642,0.0705007253371467,0.076791031435746,0.073437907060774,0.0325982021834117,0.0738048140204176,0.035514566728203,0.075740424408743,0.0825968848253284,0.0710712119011887,0.0391179194262788,0.0842463877268931,0.106284488605812,0.0884768993535041,0.0954241426661595,0.0901735647019125,0.0830681490838421,0.0697915124270463,0.0289584679442638,0.0368227818297065,0.0606479497123852,0.047741607058953,0.0208707391980009,0.0223786503920063,0.0453349888880578,0.0781329448043582,0.0513581983978866,0.0836087222780135,0.0593002357784966,0.0651857637171154,0.101191379098738,0.064048860530245,0.0459546037275944,0.609208556467211,0.20487429773179,0.375556174957203,0.0742866591727254,0.0685780073458161,0.10309373885127,0.0854828500910766
4415,0.082194531032701,0.148359773477201,0.899910942183255,0.101251811179967,0.221216874033908,0.111114336752659,0.225037643641519,0.467746806785982,0.120168915204061,0.385606493816412,0.286033738563492,0.0857593725609578,0.0441677631393707,0.0316182382316321,0.214085172230739,0.158754538103156,0.0522831750157279,0.0852182065600045,0.464714814554006,0.102019861522875,0.390033214622714,0.188313359512681,0.277157800538555,0.091374312105278,0.0454707028635291,1.0,0.104035966018028,0.146825552450448,0.107027484295081,0.0583464332005768,0.0944359885651103,0.292447116093149,0.0930087497805018,0.113962698226498,0.143421855027771,0.810570967646309,0.189804580611828,0.450369177845647,0.211258288472377,0.17211525380072,0.271842071154603,0.184816703262828,0.80497796916055,0.143965359965343,0.0762088088802972,0.052491105081978,0.0834795227693966,0.0458486336529065,0.183472594203321,0.0233415207424464,0.145123918162136,0.0553358627589869,0.114719746904485,0.308599013701925,0.0686708306011391,0.092330509112446,0.294558647451056,0.281587820683053,0.156233770366608,0.181619401732735,0.143687450305009,0.112860656389806,0.119722294448853,0.142021143617945,0.163974419869461,0.138207921467708,0.244999827247806,0.0924795496670089,0.116670245011218,0.0981460950565208,0.198272645478208,0.0683029429864875,0.168320689615539,0.0634713691777093,0.141735643270492,0.0581649613703222,0.0642554941830106,0.102631301845773,0.0337303375231776,0.0669695544892196,0.0832547364811762,0.118754155560075,0.173984797741667,0.113293508569933,0.0960578132488751,0.293931184640774,0.164124570589738,0.0628100939303245,0.122584445533017,0.557677153028318,0.827254964439413,0.165955799520746,0.189454706065598,0.0730118015814672,0.173206049416142,0.0768766500947906,0.0743234660719209,0.103925223361607,0.178761320966905,0.167166799160183,0.324392940201361,0.116385745506992,0.0445050249834341,0.0630680341969938,0.154372633086913,0.24469364444363,0.0973872743416334,0.138028059391993,0.0842524142360911,0.0802474757430393,0.182279051965094,0.671028457460299,0.294158731491181,0.596861799052291,0.136203146912591,0.398619144521849,0.177416656418206,0.374317580127205,0.0678322260942431,0.329938208292278
4418,0.0442300163186458,0.0441294855815495,0.0528686224702421,0.0532672735504768,0.047854985504422,0.0644857709932799,0.0801241445825334,0.0942394668205871,0.175297383678882,0.160279292509226,0.137595227624596,0.106369613452415,0.0759474839745296,0.0678244491809291,0.167072412055535,0.183886240770911,0.0802504718048049,0.139815059031839,0.116798531914978,0.0646379489457557,0.0952229124168392,0.126979563391249,0.0919377229960013,0.0751471478822914,0.831070200127012,0.104035966018028,1.0,0.809341115618025,0.10960918761589,0.0598793697009101,0.0725256832082417,0.251808055448258,0.0691178320780648,0.0979729765225733,0.0680168652323817,0.0911807219620108,0.127511363974007,0.173730316336106,0.32643503550959,0.143500593827907,0.118835253749534,0.0966652389108824,0.139979736402266,0.13274553613657,0.121868039801101,0.0594674635355378,0.105395937963389,0.11078637810875,0.280072759221535,0.0532554055958603,0.113883272740547,0.0392867540341548,0.485338693050411,0.237153913033659,0.0957750300268338,0.133729113450548,0.182030045198046,0.0779403873659561,0.249110450867529,0.177758191539287,0.255941332628457,0.231584111045942,0.27059221538954,0.226623188534682,0.239149109647139,0.220774301447163,0.233661293480932,0.101232572771312,0.228853662998231,0.142603507233081,0.20481233169443,0.115333656280689,0.200680464354702,0.141697508935375,0.197828447934894,0.0962277858616429,0.128221879024931,0.0985931815135856,0.0492016120449338,0.230332915100477,0.305901984375106,0.20216260113628,0.237126835190376,0.1561609326539,0.0714559582005653,0.265134342767119,0.0946525749902728,0.139573327732952,0.30118043110859,0.285231137346177,0.204717570812878,0.298917524239456,0.335018915120382,0.218999973917015,0.199229550602319,0.300898082158969,0.221580254248617,0.289175930269579,0.0657471613248561,0.0829460846930754,0.169858859564857,0.348614546822814,0.138236910936788,0.393863671221652,0.259242877981752,0.223486302177536,0.132551555572672,0.332227282895285,0.188968243483744,0.286577935170864,0.280737913543855,0.251165520763001,0.182572793856453,0.634833591055157,0.561397320575223,0.713677235804264,0.192879347088606,0.288234996680553,0.47723904263059,0.385634097082698
4421,0.0775775434696301,0.0488103017173758,0.0885026848356537,0.0481751600116016,0.0604659905467281,0.0668670398107842,0.0828141628140851,0.112663341110983,0.0793475641293938,0.194413804794194,0.153597053504111,0.13685327493978,0.0990446098102946,0.0558957067858708,0.164165995618879,0.102168451490065,0.13797071264742,0.0956858229828517,0.146271050576887,0.0627712545482766,0.0967330708652292,0.122880302734947,0.093694284015555,0.119468392913341,0.728398877248134,0.146825552450448,0.809341115618025,1.0,0.100010575524167,0.0459886460879348,0.0754003787587087,0.250303228289865,0.0763451032719937,0.0875312364645062,0.0835699622034331,0.173731662062923,0.120418118612768,0.204633646499995,0.15372329405729,0.0815281270865631,0.159372873730885,0.0860803163625585,0.114704812963944,0.374703913475921,0.0992578981196986,0.0515112367566892,0.108303521642244,0.108893456197045,0.2384806484683,0.0307245203615486,0.113234659566839,0.0417117668850554,0.149887790353474,0.21415389639301,0.0610567448636882,0.0886061397175207,0.196953600021217,0.0699753937259314,0.149257505648107,0.127336689158701,0.176139324215184,0.209828432733517,0.184735101646189,0.13890267679427,0.183967835693768,0.158039366402503,0.224636397580939,0.115302850297017,0.141721896182859,0.106013871648556,0.167058260798793,0.0760984563220349,0.145411731779164,0.139203567589963,0.120966629762438,0.0934843213628023,0.0753756323636593,0.0680985851876539,0.0293667420967308,0.172765614607947,0.216540089744339,0.277200505281041,0.164767469811779,0.135047170586936,0.0449713945859802,0.218083296015316,0.0886092995247754,0.0938430584241266,0.209813925570944,0.21763203717967,0.175654968003151,0.200989420287228,0.220308672709437,0.139631878950631,0.175417898338368,0.178954965790193,0.0876543804599485,0.245501664780554,0.130799482001394,0.0748533500630155,0.129171599582556,0.189543109545219,0.103067669761879,0.0720599137125419,0.126015715094355,0.321388674646239,0.156545871789369,0.29530012336233,0.15901692026034,0.216012133508677,0.189117543429491,0.196049423680922,0.203766441725032,0.679839215732416,0.472568444690255,0.692591227171052,0.204418468758149,0.224781482401922,0.114575233724218,0.294208525074702
4817,0.0462867511217101,0.0528904615308389,0.0753601605067488,0.0430605049500186,0.0421947616880213,0.0824720591363506,0.0889737807681298,0.101351212094888,0.141570179156936,0.176194279649691,0.183893888177423,0.0711830853981727,0.0457277662405965,0.0246136994487851,0.177909897154553,0.155682581763841,0.0450805206777204,0.112388757627224,0.252944657477268,0.106133444035506,0.147831344558911,0.146183667532193,0.169829420015217,0.123603573245744,0.0417781570712375,0.107027484295081,0.10960918761589,0.100010575524167,1.0,0.261059416050247,0.877577919019085,0.298912408382058,0.873067599080697,0.595457886891447,0.881351975426926,0.105440469138372,0.126537909058094,0.218937634066978,0.155476383380406,0.0671624597808155,0.159081781173207,0.121615358528573,0.118675601500499,0.120590469534099,0.0694428421424692,0.0534814611875241,0.0616032104519996,0.0484128992512954,0.118750919762591,0.0348146827828675,0.0768980537415104,0.0275565411307398,0.0924803574940441,0.0943421405285267,0.064492775589482,0.10016385991055,0.562233545796497,0.0657927353982548,0.125511104446187,0.13828422691294,0.185663311290303,0.191271275815835,0.127014159376017,0.15843086762612,0.146673084894495,0.135759183553884,0.166791114213703,0.073222195659737,0.134092497481422,0.0855445002969808,0.112779381200419,0.0856515198405011,0.19675260111576,0.0756160283118229,0.13324150219292,0.837986387146169,0.0879231074592223,0.0654439498462397,0.030782854015014,0.107038776303998,0.121823529151171,0.167468399396142,0.127067453006341,0.130541643011785,0.0521557222697449,0.134280561421758,0.074691016986449,0.101991030584405,0.193434666284641,0.170711338061576,0.106006464877311,0.141549796919645,0.182492303313067,0.130163010155428,0.138950610014739,0.154939361836232,0.141715106228832,0.139748527286247,0.047710736991833,0.0608146272126089,0.10410489993686,0.094647080449599,0.0349295867207496,0.0473952443366963,0.0718937281328485,0.173771036420272,0.112565388202708,0.18570042505165,0.164423998228431,0.127455664227138,0.192264195095364,0.153208411561338,0.105485009706699,0.119973170686011,0.144491958658943,0.158932872716584,0.123854116509273,0.188099105376605,0.0762210612608221,0.277092441205617
4819,0.0380308773874406,0.0313760160111623,0.0302690279529203,0.0419766060208757,0.0434101324689223,0.0557915559328165,0.0485408535992711,0.0766962527155697,0.125714871843022,0.126921634934736,0.115069189522398,0.100248611061066,0.0535167504456505,0.0265271899995007,0.135124989641559,0.131031473188685,0.0518870847712895,0.675566312521251,0.233724130962099,0.963834526143638,0.886449731176098,0.914485795752362,0.943870868936228,0.938237920133723,0.0251375303870242,0.0583464332005768,0.0598793697009101,0.0459886460879348,0.261059416050247,1.0,0.441229900581843,0.832825924605522,0.502277707632488,0.176745809076801,0.216166103467453,0.0632497618284235,0.10826240120271,0.558773024637932,0.0615469544699947,0.0749446172329216,0.0841259408747057,0.0541621421630108,0.212744078010101,0.0771021987311831,0.131386026061565,0.114419932762157,0.106058046877726,0.0709073441570174,0.117865875228462,0.0406959807378553,0.134578966839014,0.0244173810276548,0.0929651698425493,0.108050353977337,0.141095573232963,0.252406538713441,0.165570156989015,0.122677206337832,0.163166262437833,0.171481643832027,0.146267762512924,0.113072207790748,0.12728661897668,0.133941387232382,0.155182568016105,0.176442950031192,0.193972035992202,0.108595876280996,0.16688204520226,0.147256897252261,0.136053108134978,0.108326631946442,0.176381557019769,0.137246449854257,0.173995427129002,0.228142416986269,0.152078917721054,0.146536683017478,0.112990750054014,0.141994212392511,0.12049046961585,0.135478618683761,0.167159688733531,0.163306016698192,0.198427307892305,0.15925879805766,0.127089521411793,0.163226824735583,0.180349379771658,0.116381589180289,0.0725955527142917,0.125627023654722,0.174055058911223,0.139561868537138,0.132868735893969,0.224189531355328,0.153759454192275,0.128426435852101,0.0659616109478754,0.127754782239707,0.171366587293958,0.124642364575332,0.0350857316216793,0.0547199332003773,0.104580828316969,0.48532057180403,0.293227007452807,0.127383957194499,0.145787788373285,0.100783336258161,0.181979745790974,0.135910024235024,0.142074611967009,0.0719343447529791,0.149428660318889,0.113856602026289,0.0918657165544496,0.159631217072078,0.0576302939688456,0.163149758361668
4821,0.0399118621889891,0.0507439536796146,0.0548055928099036,0.0444735778381016,0.043917559555627,0.0666255552073762,0.0721037662233565,0.0814837560685084,0.110214376631409,0.20380313241805,0.137240331220097,0.0858974445740293,0.0373667199112769,0.0231384103396816,0.231772262319188,0.143043450277975,0.0528671628842584,0.222967169528147,0.257676729166616,0.293425769682505,0.294793556672002,0.279783710551502,0.332827889878312,0.294949099425446,0.0317991451989587,0.0944359885651103,0.0725256832082417,0.0754003787587087,0.877577919019085,0.441229900581843,1.0,0.461562065658165,0.963165261617217,0.590017935732902,0.942577163145492,0.111461033980719,0.149096026185566,0.274785815603644,0.0767739938917362,0.0577964893878401,0.0924139719581205,0.0933174043429506,0.130726885500647,0.133055971489295,0.0563160819853575,0.0312698706341671,0.0538856487615275,0.0440152765777952,0.0983437875203441,0.0245705367924143,0.0631814859145864,0.0276472649539192,0.0843311556710034,0.084983713421302,0.0617795382939381,0.11415644201513,0.403941271322359,0.0588832444314612,0.114472043110481,0.144490500479008,0.127016349094616,0.100861932011539,0.114195628759347,0.114102099859318,0.127507608632802,0.138222390872907,0.160929699876965,0.0645145223675098,0.119770267223894,0.0760373071187731,0.0906822441265399,0.0748348495072148,0.131389273745121,0.069656955194742,0.112485292207157,0.898601543532647,0.0766295064675802,0.0704451660432172,0.0261027312539069,0.125283505590966,0.105311946690106,0.107694563183541,0.104951303983401,0.0971665711086625,0.057295294693418,0.140825913834449,0.0554259331961788,0.08708818550561,0.172107354831082,0.152439452461021,0.0990247623064266,0.137708159089252,0.155366666823115,0.105360338250811,0.111695837534779,0.142422896654896,0.122754500845712,0.133453963651458,0.038397066612412,0.059108960828805,0.113759622467636,0.0832203883498615,0.031847444856395,0.0476204867281734,0.0612827257421607,0.233684298709277,0.13376146270294,0.143860480731718,0.106948455197557,0.121115532854211,0.171079647349061,0.15175190773669,0.0898696488039176,0.114389430183717,0.18262209706007,0.152279763675503,0.117457220107028,0.2170500580248,0.0553657619181601,0.253218685661721
4823,0.0952602228063,0.0934421638575429,0.238282736920507,0.134297538879163,0.138559820079538,0.127712873687843,0.210488780730701,0.230152363644515,0.35318828512633,0.37943338563248,0.306172695441342,0.1990603930348,0.0905884240331133,0.0546497983674819,0.32689482070421,0.461360990841458,0.117057383547212,0.742497390324727,0.396706052821222,0.809496359030113,0.867348081510568,0.79135925406739,0.873408796270206,0.82004866351362,0.187600852136566,0.292447116093149,0.251808055448258,0.250303228289865,0.298912408382058,0.832825924605522,0.461562065658165,1.0,0.495021341181031,0.301475400146795,0.308348606443606,0.297324795878897,0.238089599907818,0.637931907502833,0.169253795712839,0.190317059296766,0.376906249976353,0.350010597214123,0.438727985034771,0.22796737574987,0.254075288079145,0.202997142349416,0.210804316833019,0.15056297902179,0.344480168896921,0.0819812641349151,0.267855932782419,0.0712313263997985,0.276358733421445,0.379122104107589,0.260609821208835,0.341726992899062,0.246627442487885,0.283817012881567,0.394295718820329,0.363804876876173,0.3436923405601,0.258179077310622,0.344288492024393,0.321965033881284,0.376952764651811,0.397723145784085,0.435967359437105,0.244060583120212,0.381347054699786,0.306566405960036,0.302259839016841,0.437698186429599,0.392789508828461,0.273018041541247,0.3626498101163,0.334307683999246,0.319794170122744,0.276520113215487,0.201870562908135,0.308564603836371,0.329553779200212,0.309014333743685,0.394997022235005,0.328545141913006,0.288779227345915,0.411634216878491,0.254898988176103,0.331398709591712,0.409013930101257,0.35810174047072,0.358905399323289,0.458094861528266,0.429877156536918,0.286731932712701,0.299349927032617,0.433569958580084,0.326619236811252,0.372723253048371,0.167884021797725,0.257746144813259,0.364172910738575,0.295108104202508,0.145882594895529,0.128788971898958,0.280826313623717,0.592953534213861,0.359052349794382,0.375066902503064,0.303037503358997,0.297660666179668,0.40754217428843,0.436240492234078,0.350248963414797,0.344859473319389,0.365078952929561,0.380778752987124,0.227481026730349,0.414568223857205,0.132072635137766,0.404969612777144
4901,0.0343155917475498,0.0386280419046148,0.0648936590668921,0.0423191537599325,0.0446898739282438,0.0551749349036568,0.0638258482724912,0.0824809045684916,0.128409940203036,0.148263555574247,0.130583826259675,0.0761531539857098,0.0407827418164892,0.0251945604123669,0.171029896804737,0.145087179026934,0.0485286039706897,0.26730202935698,0.275791815978323,0.346962006269504,0.351058958852322,0.33318201285519,0.393332800594942,0.352497127611342,0.0256622333458448,0.0930087497805018,0.0691178320780648,0.0763451032719937,0.873067599080697,0.502277707632488,0.963165261617217,0.495021341181031,1.0,0.573096832515076,0.937708143640502,0.103604418708076,0.111699746603266,0.282602689359224,0.0864755251981523,0.0676006090111256,0.0895699925748428,0.0524991335574783,0.148304765396129,0.111991994986536,0.0715173132067237,0.0475593081322498,0.063736687277238,0.0502428425044196,0.103612253443034,0.0305868287220085,0.0758120802515578,0.0256603506301908,0.0899893423919684,0.0847224044027578,0.0718818694505612,0.127054709797423,0.375657576488256,0.0660893647909012,0.117223564935564,0.127825750436891,0.130397325471623,0.117455140089494,0.109247536888856,0.12299805465158,0.135059652794401,0.142870936441544,0.144541764235117,0.069736521144419,0.130337126886044,0.0864312529616122,0.0931681371719553,0.0751773585177404,0.139207870707174,0.08076515082903,0.134197801437932,0.915658590053124,0.0928782637571687,0.0743115640235798,0.0410158463947141,0.116723125051198,0.12050694540368,0.127278668515254,0.133008129799842,0.11248521396739,0.0794086810829445,0.134505439778961,0.0703603877660593,0.103993720613935,0.179880030788701,0.13909533510388,0.100522379943477,0.119851727673295,0.151017468782586,0.115540506326607,0.125475447395172,0.152164714066777,0.13227124597976,0.110090516805892,0.0468213483310834,0.0652368541257775,0.116863496755102,0.0897944134589026,0.030074548642805,0.0480183791921764,0.0727973397768968,0.259017658625582,0.168875336606663,0.131202227932846,0.115692590613506,0.110953336581189,0.174953952290231,0.154965401487764,0.0994603093273086,0.109424373650114,0.149411088212611,0.134212546412737,0.0953868706057738,0.170584450893509,0.0542428978427802,0.201506900316176
4902,0.0494046422961195,0.0664965348876369,0.0937563956971825,0.0675395820808486,0.0595024424415862,0.0838666774349522,0.114119695077642,0.133868524892632,0.199756392523747,0.253190526508815,0.184887101224351,0.129940543598514,0.0762826313136856,0.0305253267248773,0.239678967959492,0.240356835101404,0.0812024195689328,0.156630037220811,0.199738659146112,0.0770714493853596,0.133290515831849,0.0995419186877299,0.138230204507633,0.0908611301055114,0.0398897228864844,0.113962698226498,0.0979729765225733,0.0875312364645062,0.595457886891447,0.176745809076801,0.590017935732902,0.301475400146795,0.573096832515076,1.0,0.60661830782058,0.156407239832375,0.159988911795641,0.189183460962825,0.112939707128752,0.0894892570536626,0.204166293216986,0.179023666470624,0.157038369297607,0.154102685281515,0.0925691605983405,0.0594088265230508,0.0836200590553334,0.064921021855213,0.133668671418922,0.0394438650303103,0.0959426344129476,0.0298064169515364,0.124971139522505,0.133299993715637,0.101576371832908,0.123959068788706,0.341912633848452,0.0843234886674828,0.163182498853826,0.202622072339013,0.171850777551648,0.145686446195956,0.16688441318437,0.179594970621751,0.164248224446061,0.203823301881499,0.189201645190982,0.0972116139356381,0.184774320338622,0.118017901126983,0.109476821579586,0.201030166062002,0.196860791998412,0.107951828058557,0.183569092934811,0.569646290684138,0.135839398066921,0.112547582772166,0.0545782494956753,0.153927442057276,0.163131725844008,0.169653431693344,0.174348655293155,0.162587743317098,0.0742253908651125,0.186225257337623,0.0927927260662559,0.149604829973698,0.231724544467157,0.1756184787298,0.145973029340461,0.208705928216051,0.211239296950023,0.17774423600972,0.174998916271381,0.177506967225407,0.18852095506967,0.158229138583679,0.0604411350938466,0.101181688766571,0.138699178584796,0.117447166163169,0.0398297899342204,0.0635469469581233,0.106328543490937,0.192336204573877,0.130854978648914,0.178176462817439,0.15223132125976,0.151001025485101,0.24243840718063,0.211907585459167,0.147212610871905,0.13845435334954,0.242738153108741,0.192123611621589,0.117172548735376,0.255863800173397,0.0794424740734845,0.275366768370827
4911,0.0358223998588507,0.0448650211724654,0.114483033197888,0.0500973018712375,0.0567197028703927,0.0563847657497772,0.0798457539964596,0.104897632808009,0.138769468986238,0.184297743111582,0.140089465485357,0.0774133766306621,0.0418715528041292,0.0250599170463598,0.200694197920939,0.173989020547838,0.0574477739838679,0.0961435897669567,0.24991732464391,0.0613041855193001,0.116114092196001,0.0713317105902302,0.13499936697306,0.0758440639023908,0.0325965988232308,0.143421855027771,0.0680168652323817,0.0835699622034331,0.881351975426926,0.216166103467453,0.942577163145492,0.308348606443606,0.937708143640502,0.60661830782058,1.0,0.145326628846722,0.111199583246284,0.153806398613062,0.0829733581242782,0.0711853010848936,0.114048742507554,0.0995888804969203,0.152944432216726,0.116610424186395,0.0627652023933682,0.0343489008067567,0.0576176376036596,0.0471843734705443,0.0984180267339756,0.0282277032763544,0.0680195504065945,0.0257481497742761,0.0934904048935434,0.0969226470284538,0.062219286037425,0.0764780661498335,0.361200527540962,0.0687128152955607,0.111454132154675,0.122683886616855,0.121483162363722,0.093900506534733,0.104074814287518,0.118932325795884,0.130752886351233,0.141498733696851,0.14500338176158,0.0640154884520993,0.126886840191961,0.0798478092151174,0.0828868351306278,0.0996969351296239,0.12534433400036,0.0712866392110809,0.123361934497201,0.96434291731053,0.0845155278802891,0.0681768030441672,0.0288571101077301,0.102196455696644,0.116724293257186,0.115288582572778,0.127385547372758,0.103951291520301,0.04905633817536,0.139889713663733,0.063053793525231,0.0975032248520566,0.160162038982024,0.149965051493624,0.146231703795728,0.148087753153961,0.14631040314735,0.110437733996068,0.128842220045282,0.136873767624205,0.134209300700542,0.116841797775715,0.0505291029394056,0.0635586682296193,0.112340349121012,0.0802167102692735,0.0299088173150776,0.0459424211915591,0.0745181777496291,0.149352844173362,0.0953982783111585,0.138068908218148,0.093448352238226,0.12929354397529,0.17620376995244,0.179783158902212,0.102332579876182,0.139656549540146,0.157015023365279,0.14833208138944,0.100834213743141,0.176409791205266,0.0568634638938797,0.198485378243807
5608,0.0622005193693455,0.12714160196048,0.782378955236698,0.0871787472591042,0.195176290981772,0.0845110890381738,0.197156983400666,0.407711869650728,0.121271820010916,0.425140561102642,0.24408587063268,0.107966973669328,0.0544427046108708,0.0296274555993736,0.200722624681083,0.107241385708457,0.0740105792876322,0.0842335220968476,0.406582397111526,0.054485131504321,0.344084527443066,0.160186676927062,0.237405635851292,0.146152302582739,0.0303996717177003,0.810570967646309,0.0911807219620108,0.173731662062923,0.105440469138372,0.0632497618284235,0.111461033980719,0.297324795878897,0.103604418708076,0.156407239832375,0.145326628846722,1.0,0.40649909398266,0.574341155985951,0.253875370290518,0.214184912396552,0.22945085110493,0.0526047497431286,0.678790582986712,0.201299732160942,0.0839084527050109,0.054282795736256,0.084978445363261,0.0549774814984861,0.181424748627726,0.0230959138506269,0.124452014464273,0.0572086245842159,0.108647680345027,0.253077335673972,0.0697803173415786,0.0941130512343437,0.18974864790716,0.224605087191641,0.144462469096851,0.173089053938799,0.117780457098875,0.143286168110476,0.14056729747498,0.130266821067855,0.122054973074208,0.158305889907287,0.185428459435875,0.103501144436685,0.127147597659087,0.0975212035962023,0.124501358704905,0.0582672385052205,0.159182501492407,0.0740472209147974,0.139118074334921,0.0642278037917728,0.0728337373191222,0.101687841544561,0.0379632009416332,0.101654316214117,0.0954884132642324,0.160945917167463,0.177119722519457,0.115884713409641,0.079554026008575,0.288856307966947,0.152432817527393,0.0787837825828901,0.132157015849801,0.379649959729394,0.733931961315452,0.171015784744942,0.148802611881212,0.0799331771027313,0.150596411426619,0.0764846365243653,0.0676518018824105,0.115488314959296,0.172501836944266,0.16276139364942,0.289521498291824,0.117714187163719,0.0486054788227486,0.0508907773857091,0.133010332466546,0.219361476949782,0.181537398009975,0.162159660468979,0.105854920384261,0.0931946447126807,0.125037505961411,0.62091757580053,0.2755463001275,0.723457151100697,0.187535019046558,0.364587587202368,0.348759419005654,0.311426739208675,0.0505071149100521,0.270116183295483
5911,0.0788144064902345,0.0959540435670018,0.0591339328017615,0.0828949880928074,0.0646619788129802,0.147395215952959,0.126565869762252,0.122379327721747,0.210444073539503,0.352661945327937,0.277459218710604,0.172598761283727,0.0576403209498807,0.0675559205519493,0.462151807088086,0.275246237749161,0.108603633185214,0.25780820339296,0.18600240523901,0.141104545321683,0.140753533371318,0.0751818822478372,0.150724247203938,0.246920307251216,0.0432509961058333,0.189804580611828,0.127511363974007,0.120418118612768,0.126537909058094,0.10826240120271,0.149096026185566,0.238089599907818,0.111699746603266,0.159988911795641,0.111199583246284,0.40649909398266,1.0,0.586358327503619,0.20312527021909,0.262167694654419,0.139135956834825,0.193803317660014,0.279299707604759,0.219813777141464,0.112185964539832,0.0983560858276339,0.126122806375311,0.104710032376105,0.195244204954599,0.040393770345939,0.139196558246918,0.0446187224601248,0.171600302887413,0.18070257769891,0.124877393644238,0.156489693957214,0.434139344789573,0.140038130449771,0.26489466809646,0.373531394647849,0.286634652035816,0.295231643058226,0.300169907150736,0.39359241142226,0.293615053368945,0.310916423294603,0.340969998391073,0.150104349531873,0.24909109231089,0.172599535950008,0.232610246239569,0.140003495281259,0.241264817495702,0.167387924652458,0.286720941273634,0.122306594570399,0.188515324906994,0.179245348746739,0.0930984735973428,0.201278919712009,0.219518015928521,0.199314384518756,0.197688295061759,0.2010019057576,0.0880011998952124,0.288696309559612,0.108698945146792,0.145147856496151,0.309470002101431,0.415628957392178,0.135216990000824,0.189322942183402,0.314270972693648,0.15966703444412,0.205818902481469,0.258360379724607,0.283753324100944,0.201529243502675,0.0851845196077963,0.122380949979873,0.216635241099138,0.188794105430206,0.0549254355465015,0.0948444513927536,0.146015939902039,0.342438618233603,0.318917893379207,0.222087847448233,0.374406091122042,0.174468158648502,0.374150832562593,0.227412712258014,0.156688217846546,0.230614519501092,0.341206366419125,0.272500678894999,0.641644366198433,0.514345797465343,0.134669985912251,0.492205855189699
6306,0.11705149063359,0.130911275027462,0.281859302121616,0.112369909016751,0.126272816269059,0.189351905474451,0.257100606913978,0.249086253551559,0.27143611495362,0.380181932474062,0.355976585227636,0.19717495880599,0.0862799940282156,0.095943378224716,0.464574728831876,0.357617279984332,0.112177420154818,0.46058006269696,0.376359006177312,0.626416636109888,0.632423244907195,0.562394118369459,0.640174354196387,0.629875291068132,0.0555898863498614,0.450369177845647,0.173730316336106,0.204633646499995,0.218937634066978,0.558773024637932,0.274785815603644,0.637931907502833,0.282602689359224,0.189183460962825,0.153806398613062,0.574341155985951,0.586358327503619,1.0,0.304818729902879,0.268679064303647,0.257495925291847,0.299757721848331,0.436854455920079,0.314544259879013,0.182572122461971,0.126212193651411,0.189512279398823,0.160600153524031,0.274014245715415,0.0671017856915572,0.231865944630622,0.0598615760369079,0.244529514121637,0.302260844326923,0.186188112813456,0.276782013301477,0.567325942840525,0.249350088096189,0.30829833049741,0.370273693986818,0.331440586391841,0.326834015065606,0.246318194044316,0.276976380836495,0.381374863681506,0.332958922528231,0.454108863471484,0.193124373607317,0.305872929309528,0.231241670204001,0.345117076686985,0.17304323438954,0.340145112553059,0.205694887120263,0.301450604559048,0.154044898265107,0.204456858134484,0.208736470871834,0.104551933059844,0.234006452308577,0.2513626527081,0.27754519186623,0.285653687827117,0.271457519976742,0.195318346444141,0.335804398034318,0.18532035938706,0.236613242332748,0.35999498799449,0.55802144564745,0.349835965479053,0.265839443961167,0.398304194442998,0.221942130391938,0.303367365752787,0.307858282482309,0.282512727471131,0.263495416465428,0.170417649782,0.197887887266558,0.308407231495616,0.249079140490761,0.108064010524057,0.150729306134149,0.229485460123524,0.575788470823194,0.368487320360938,0.286189823321789,0.248140215938727,0.215987104666182,0.435019780410859,0.401469150145836,0.287711817002536,0.504878243314285,0.330603499367376,0.379935618783322,0.443303802067668,0.565494308159831,0.179686695540764,0.578111881515103
6802,0.0549198121402591,0.0533012882549955,0.177518242287458,0.058980367659657,0.0691448440886216,0.133055000509017,0.399159901665285,0.166178190677385,0.153379213225679,0.300948496837474,0.240079473668177,0.234095025730394,0.132315243654732,0.509639028291236,0.133891697966432,0.132124996053782,0.198824565317489,0.10356862159675,0.289240123381134,0.0532092423651696,0.141508278838404,0.107413284509422,0.118461853452365,0.10309050987891,0.0341768263013409,0.211258288472377,0.32643503550959,0.15372329405729,0.155476383380406,0.0615469544699947,0.0767739938917362,0.169253795712839,0.0864755251981523,0.112939707128752,0.0829733581242782,0.253875370290518,0.20312527021909,0.304818729902879,1.0,0.579167999141824,0.144751276644191,0.0664774059816034,0.19131303784963,0.21370267390885,0.140425396486744,0.0670534242924085,0.0915468242441181,0.137396860306791,0.133833750647811,0.0469890145779437,0.0939626409646372,0.0532786411201135,0.569473786312406,0.156860292603725,0.100644818555289,0.100532091810719,0.357314238712811,0.0860591142655417,0.12946116227744,0.131339615176184,0.15302184142578,0.371235384535949,0.119682111839546,0.146331645580137,0.145979036640414,0.139502912968417,0.17269423331202,0.0761028932413289,0.158254139813227,0.0958135011967669,0.101759515217222,0.0726217635312392,0.165050269223454,0.0815158886437295,0.124449747187926,0.0816043303154365,0.0923226143496639,0.0694821314496119,0.0368573090683456,0.102484051606147,0.123590028160215,0.178448399587823,0.146363559874296,0.130849371200142,0.0576684121415827,0.164419501444123,0.0879335162300479,0.117696017417161,0.164180597838744,0.159610180624336,0.194036464170521,0.125834575383755,0.158782255449758,0.115564035061332,0.153183807025374,0.134911726714137,0.140087187866953,0.171738979345085,0.0827084009663781,0.0775511893027012,0.143458786997654,0.366055079616958,0.207477343759888,0.639138099553289,0.379935096763737,0.167475619983235,0.132592531779135,0.174396493552173,0.135064452608319,0.0963515501052594,0.16343537192523,0.224473200403104,0.132367964925645,0.202038194581821,0.316737688235706,0.309978347563907,0.137140825048584,0.175149578027466,0.68778260032456,0.27722841499008
6810,0.0452760251014329,0.0399926043346019,0.142095142829315,0.074800622696104,0.0752196723116996,0.0713399675685918,0.0963784295485011,0.140932486358471,0.274939764148986,0.130926120240614,0.156510690108559,0.25222469198249,0.165292210739545,0.950825604096392,0.122757223472046,0.271079277163277,0.130052586647912,0.219199340727087,0.397689541995447,0.0756404346234141,0.156600423679731,0.108979007527395,0.133630100047435,0.0968586138780618,0.0358042620323245,0.17211525380072,0.143500593827907,0.0815281270865631,0.0671624597808155,0.0749446172329216,0.0577964893878401,0.190317059296766,0.0676006090111256,0.0894892570536626,0.0711853010848936,0.214184912396552,0.262167694654419,0.268679064303647,0.579167999141824,1.0,0.211380365883152,0.125430139218599,0.2435385367235,0.0515166514057342,0.129426895608435,0.10120167500141,0.140073582066856,0.147269916325012,0.148146096623838,0.0844171339607139,0.141036780100865,0.0582701291709534,0.333300524282533,0.208344550904462,0.12682769569073,0.147663608341424,0.415104441096338,0.117487510916117,0.211060375762291,0.195860786915046,0.19495777144271,0.513346205130237,0.175411141678307,0.23667323003728,0.233996955158164,0.251905716051842,0.221312577377876,0.13441003733447,0.25056747688611,0.172552797524099,0.14873019963125,0.193437537563054,0.214744846186328,0.160706145180985,0.234934424046902,0.0955210211434092,0.191009589622608,0.143942401379946,0.0851765260542107,0.11560899582848,0.182206396181897,0.191958823985911,0.241525106689412,0.207300754548313,0.124067758817079,0.184874414964802,0.1256535524744,0.206738438853404,0.21494737891238,0.182526341698698,0.189518410530111,0.205273655190636,0.243913023808514,0.178833313506457,0.221285561468253,0.259265723471007,0.298484662900832,0.240301198000378,0.10534103619394,0.128844162092732,0.20166243865505,0.169851879986753,0.0829523765509229,0.141240396655609,0.210190841983738,0.185455605002432,0.140838684775684,0.154676557733744,0.178363476100307,0.125882587682354,0.259713981711431,0.229476092837907,0.159566338196259,0.121982544084282,0.199753289659596,0.168669900433977,0.0857840677123853,0.175865716542163,0.28790522753198,0.16963665805946
6904,0.139281946219484,0.0993568589076857,0.212864136620808,0.155067269378771,0.132056723775846,0.142925079123726,0.278770504156662,0.243701262914653,0.419834743618107,0.236337567906923,0.317761625735134,0.428425339875809,0.493194962519122,0.0729038489085297,0.242520910886154,0.617958412610582,0.337618410937354,0.401086688823693,0.180265089888944,0.11126805872675,0.215263353839193,0.11986813760143,0.204403591085796,0.104555424173804,0.0664865414370606,0.271842071154603,0.118835253749534,0.159372873730885,0.159081781173207,0.0841259408747057,0.0924139719581205,0.376906249976353,0.0895699925748428,0.204166293216986,0.114048742507554,0.22945085110493,0.139135956834825,0.257495925291847,0.144751276644191,0.211380365883152,1.0,0.64768750723166,0.31906386119137,0.139574183327462,0.318931972218651,0.277104331900323,0.245833917417827,0.160427801429896,0.273569112716277,0.0943643443037105,0.322149331155668,0.0685503155439998,0.227289485961008,0.418528743246037,0.315183953058998,0.237349867326016,0.267881568902403,0.327900944436241,0.357157565868354,0.372899241491518,0.3002287027523,0.239887477605964,0.264831419597622,0.3177032785619,0.362857479701857,0.356402492324794,0.420304423151121,0.251098289743111,0.361105495035345,0.346339415758256,0.311073292937169,0.690776446863582,0.363979487642965,0.316573039727588,0.38050932922434,0.132474931276244,0.356100667348181,0.31644974410587,0.262370491959739,0.138274645088887,0.235300876315875,0.413471662774795,0.409414440969176,0.388008407945946,0.310501256522144,0.328645429261193,0.315132345619875,0.369612161888603,0.277328656488526,0.296276658920198,0.24938133120212,0.433567483864931,0.380999513602097,0.246517638398478,0.317678152592949,0.336102376758589,0.293031354063299,0.289365297221727,0.195088857549852,0.306477700651655,0.2887392996216,0.27806343902446,0.0918780643534143,0.127775390980011,0.362906184218283,0.25842383554888,0.194492358605501,0.261612470673797,0.255216740505593,0.156872274389705,0.361978448444103,0.291769478239638,0.351975354840187,0.2159454486228,0.215493927547953,0.243144648545089,0.154497845805364,0.278572165792772,0.123813523374202,0.263549374003211
7008,0.106256791264707,0.0850269834929165,0.046825611390484,0.143054103038121,0.0713584654466672,0.156033369788995,0.262861222918124,0.13532423463345,0.433377738301156,0.172439630154054,0.313673135200024,0.151260808249948,0.0890682925676987,0.0354054689496158,0.341578218056327,0.762998477301445,0.136011537876196,0.368573789846444,0.155898632744519,0.151215720054404,0.118701283753027,0.112389293995653,0.134066115632999,0.0945232147754218,0.070259634118441,0.184816703262828,0.0966652389108824,0.0860803163625585,0.121615358528573,0.0541621421630108,0.0933174043429506,0.350010597214123,0.0524991335574783,0.179023666470624,0.0995888804969203,0.0526047497431286,0.193803317660014,0.299757721848331,0.0664774059816034,0.125430139218599,0.64768750723166,1.0,0.217276388917195,0.053923226915734,0.132174655949005,0.0949035764712523,0.117804486518523,0.0863551253628309,0.164172116113789,0.0683924132031088,0.162663817913205,0.0431878038243889,0.220786553817342,0.372167388982851,0.149646795769445,0.138936636436428,0.377121176220592,0.170046904967023,0.236425282574708,0.273472090132171,0.24459397665212,0.164150559405513,0.18994439587549,0.259048758055355,0.311414340232467,0.234362115643079,0.362596804457111,0.110741313454196,0.236813909476386,0.182322156702769,0.266938087754122,0.772563794135537,0.228527802166469,0.148325077594306,0.241009108508359,0.110346531047046,0.187896948650544,0.153770252375208,0.0851517976521446,0.134381426454496,0.195423945895555,0.207213411145278,0.232200520835208,0.215864738262394,0.139860897912586,0.174309534483462,0.122942872295126,0.205931866288686,0.273249743072973,0.395431151594985,0.12097223525643,0.535920343773391,0.353506536261959,0.194639212117438,0.240571696509832,0.285416196189666,0.297416544773147,0.374320928590887,0.0692263627397758,0.124945480812417,0.188735934848234,0.149553955493293,0.0472626728180879,0.14978841678449,0.274114648034412,0.218661486387244,0.112894472688191,0.202744169131646,0.126390787374885,0.213124407903239,0.402836337979728,0.184771826593437,0.160647752564754,0.0837536397631248,0.175500666977463,0.196638773632165,0.13603958066724,0.354168990715166,0.145819189316887,0.364123399097461
7019,0.0601684310926235,0.120335138378495,0.755348801020654,0.125508219164702,0.203869226459088,0.09517696759647,0.204554964719969,0.421260273839328,0.344898107511807,0.367143491653261,0.272440551071957,0.117044527726062,0.0781144567613176,0.110163218080365,0.207828448048217,0.331569770131523,0.0901928234383677,0.508712822533144,0.458547577318736,0.228147318420262,0.498430817050944,0.310403804051368,0.401369398414181,0.22853427660607,0.0554818567348835,0.80497796916055,0.139979736402266,0.114704812963944,0.118675601500499,0.212744078010101,0.130726885500647,0.438727985034771,0.148304765396129,0.157038369297607,0.152944432216726,0.678790582986712,0.279299707604759,0.436854455920079,0.19131303784963,0.2435385367235,0.31906386119137,0.217276388917195,1.0,0.123425986320804,0.114438185279836,0.109863452253185,0.15497214481624,0.109313397240985,0.221971873316887,0.0617400127150488,0.177720407150414,0.0688007486158012,0.219954552641982,0.282158346676493,0.125020485213978,0.164814732043131,0.200643322473004,0.248141253205027,0.321351620355432,0.362487774265642,0.314457186338419,0.231126307628777,0.375620681320445,0.607429685775797,0.326408921232786,0.393426151289571,0.300045345885821,0.19626304324563,0.342518878488279,0.215282705675662,0.204688661308541,0.222532362218662,0.29323894874275,0.202615308068081,0.405336770152113,0.127514557830058,0.28093749674519,0.217650681705791,0.101395284805651,0.137551209982446,0.275546468111141,0.274652828711121,0.349153227725785,0.27202111372001,0.148211122488208,0.378497933378843,0.187243740982156,0.191785942486419,0.309020920570886,0.559395328464412,0.741978692552776,0.299280359979446,0.323163822298354,0.226705911449882,0.333082427031835,0.416096374640488,0.488133146444522,0.152456593116185,0.208257605984848,0.19542024512051,0.433892189371799,0.167499614591885,0.0484038332205105,0.0828942584366674,0.205385826357882,0.506797131561298,0.506046441072805,0.233956125187439,0.472666262204912,0.173514567599276,0.421330780946328,0.684243852870045,0.303781149693093,0.496674834858901,0.264163770399199,0.36017532536632,0.129501066453696,0.414538544310926,0.13660608661702,0.333925047324278
7113,0.0704793682534087,0.0715658962668328,0.0976581575165219,0.071416437468746,0.0706948656848463,0.108437570726008,0.228463725913458,0.136925056045571,0.120562675475195,0.361753251412446,0.255171646323137,0.133159577090446,0.0614323119538148,0.0281837361773956,0.31352549683837,0.183489346057479,0.0793609169520359,0.124820272434144,0.168363823622957,0.0745940109470949,0.130425834757723,0.0720167307054219,0.1241947163044,0.121855012405501,0.048362252533366,0.143965359965343,0.13274553613657,0.374703913475921,0.120590469534099,0.0771021987311831,0.133055971489295,0.22796737574987,0.111991994986536,0.154102685281515,0.116610424186395,0.201299732160942,0.219813777141464,0.314544259879013,0.21370267390885,0.0515166514057342,0.139574183327462,0.053923226915734,0.123425986320804,1.0,0.147995907605156,0.103188625178055,0.219395599404649,0.223235644655456,0.240499401467806,0.0403786579686655,0.186472062594142,0.0483908709772806,0.128506836890081,0.191452971330181,0.123699829625513,0.184578617776042,0.338543338208434,0.110619529024736,0.202626798962703,0.245728609751704,0.278095624490407,0.27628292219461,0.224849261084763,0.181224057721872,0.263223144703944,0.280536914305954,0.25618126532979,0.218439231432714,0.238872828001784,0.185011038031575,0.193773797275076,0.100013135057673,0.272043690102517,0.232806292212749,0.219341878102918,0.117667936206365,0.109204410904918,0.153902821401722,0.0655827719038366,0.180963235634123,0.16620146223772,0.294091621533623,0.183138669314097,0.218953680475136,0.0853655753369439,0.338015092707465,0.133347392303898,0.167400336284386,0.231341100237582,0.211406619505824,0.187002275791391,0.159525538675513,0.219483992171661,0.126190981804233,0.214865270301562,0.134857077887986,0.115299609394125,0.171969713437446,0.23662175201861,0.165616636093221,0.203841622779287,0.226183310892404,0.141162939674112,0.0845224987909551,0.190895268616109,0.665012937594728,0.205911220936702,0.244235249432603,0.221114276945828,0.1478899226325,0.216899763692738,0.22374314120718,0.330280867857687,0.224557008155004,0.309401171424573,0.313709230265466,0.225856011722461,0.422724824731985,0.0610327796769743,0.349115329056093
7204,0.211026088351616,0.0501178816781941,0.0680453620088471,0.115085803502617,0.151040808599423,0.139471982788668,0.0764488445518053,0.175144854363642,0.224927984406336,0.203701919022155,0.182855619675865,0.341613968776125,0.151981686570972,0.0548814722198156,0.125326291910972,0.212134309152829,0.0976945104587291,0.371467300037438,0.128475106362129,0.0973643753141447,0.306287401025884,0.0556790751944083,0.330854745357396,0.0907033041796055,0.0382334174399193,0.0762088088802972,0.121868039801101,0.0992578981196986,0.0694428421424692,0.131386026061565,0.0563160819853575,0.254075288079145,0.0715173132067237,0.0925691605983405,0.0627652023933682,0.0839084527050109,0.112185964539832,0.182572122461971,0.140425396486744,0.129426895608435,0.318931972218651,0.132174655949005,0.114438185279836,0.147995907605156,1.0,0.973844900121514,0.814127328876705,0.579895876261862,0.579662440076325,0.236096354714489,0.961320512603334,0.166510802646569,0.277981725071043,0.601124292612825,0.962726406008794,0.649105247517268,0.141246123267696,0.919388764638871,0.780890211955179,0.795294804950347,0.591064144347388,0.492344412293554,0.44091775639883,0.373085433852877,0.712541021098964,0.732374029414563,0.755292852803472,0.796131906758414,0.767239747692958,0.95717414387189,0.765355093733141,0.552669635456272,0.756718335228383,0.926843663972392,0.824208757504431,0.0861960605783978,0.800678866314224,0.962958309647328,0.953257626405606,0.168087679260634,0.223950322606416,0.713832548826146,0.772404093936767,0.874303003592337,0.963251192693588,0.662469618204108,0.945103052650296,0.864691383438242,0.237427192239119,0.128998006329291,0.0865044092496853,0.120423078948739,0.498626952763324,0.137643743567677,0.269102962983825,0.282913634938072,0.161972200474443,0.104835504667673,0.628620404413225,0.972512937497111,0.491385029342417,0.779468124068519,0.326725740810865,0.173907377524516,0.791177471864409,0.22291814861574,0.220652683737103,0.338263738487929,0.56344931515586,0.0957453337992474,0.245302428724047,0.121962858280228,0.832308126324814,0.114341800488755,0.348967109681456,0.221948889973271,0.136652271607145,0.200227748739169,0.198606736075017,0.182271133015883
7304,0.196427906011828,0.0360991473912267,0.0573393283229137,0.0984108330043202,0.139176643021491,0.125739293889235,0.055665631147481,0.153972041241771,0.163593219907603,0.163459231275333,0.156645915133436,0.316855643490033,0.127317694193479,0.0584895691619036,0.0679371352201046,0.152680723172156,0.0812243530301257,0.366619260991642,0.0844346465859622,0.0701257862801145,0.273740039823252,0.033900327078376,0.311468027704088,0.0638106687599888,0.0291516545950131,0.052491105081978,0.0594674635355378,0.0515112367566892,0.0534814611875241,0.114419932762157,0.0312698706341671,0.202997142349416,0.0475593081322498,0.0594088265230508,0.0343489008067567,0.054282795736256,0.0983560858276339,0.126212193651411,0.0670534242924085,0.10120167500141,0.277104331900323,0.0949035764712523,0.109863452253185,0.103188625178055,0.973844900121514,1.0,0.775782279256921,0.516765126590781,0.538902275650123,0.186702825090823,0.937064159438513,0.122883860906984,0.166775772013523,0.563466663389049,0.962072577287458,0.596476234059276,0.112962818879065,0.915574846617786,0.751402603450923,0.757181744900866,0.552414258228599,0.447104969498087,0.424242984625136,0.373018501648886,0.644497422331439,0.675918575326168,0.695061900474266,0.750451871397923,0.697077688286281,0.934252939052963,0.72913884306533,0.563055061873137,0.690256183279132,0.902511149477037,0.795294353918883,0.0542942045509256,0.774867935155535,0.962062698637169,0.978841219168694,0.11899825760369,0.175832511324391,0.636604008700499,0.731478015857548,0.831037163810755,0.969748975580982,0.634565265343553,0.936644820682948,0.810380962739024,0.176905703497136,0.0938313435726963,0.054399331625309,0.0753437204991596,0.45240392107937,0.0881316023367943,0.192967952938812,0.241450926659481,0.109698688255804,0.076303575405226,0.58460628180793,0.960135806566015,0.43605289337851,0.717210846372411,0.229250781260712,0.0659252265278759,0.716738105251767,0.188566247931546,0.229397206990252,0.291941010013609,0.578715298482412,0.043048177305699,0.178199836595389,0.0698004364749139,0.811062031075052,0.0819483432358688,0.255073490626424,0.149513083239579,0.0842435864988128,0.141975872056826,0.0873148091212022,0.10565151445628
7308,0.146497341143274,0.042501811428454,0.0728885546533817,0.094309460181639,0.117445264148125,0.110060632982617,0.071258639116787,0.150324405944858,0.214952683432304,0.174543809773922,0.166323820539058,0.267197235741306,0.114875736568615,0.0611066878400185,0.121396168114005,0.206122312899247,0.0828717620260773,0.319394476974936,0.131743442532126,0.0810227177147768,0.234588446509529,0.0553889696378511,0.256775433817541,0.0767642681305077,0.0382090128218594,0.0834795227693966,0.105395937963389,0.108303521642244,0.0616032104519996,0.106058046877726,0.0538856487615275,0.210804316833019,0.063736687277238,0.0836200590553334,0.0576176376036596,0.084978445363261,0.126122806375311,0.189512279398823,0.0915468242441181,0.140073582066856,0.245833917417827,0.117804486518523,0.15497214481624,0.219395599404649,0.814127328876705,0.775782279256921,1.0,0.930958013660321,0.624912600590583,0.178524969887762,0.905401907796057,0.11558978387397,0.24474836049146,0.564552710406071,0.702762628619326,0.60723522798861,0.212664020341142,0.650132781253516,0.656899255657315,0.666249275541456,0.766099576457678,0.77719271484414,0.468857203722649,0.441529739614708,0.840806435381066,0.835445423272381,0.616767733791521,0.960036446368228,0.841100387985877,0.869985882571762,0.752214566018431,0.461904229203665,0.767309278121292,0.932832119419693,0.796373694988803,0.0841500798977292,0.597489183822368,0.821950351158955,0.670512438226083,0.188247268394348,0.262739452541228,0.796458785953053,0.647450159326357,0.872473644974988,0.705386558478914,0.531040768281727,0.713020629479917,0.776079906581228,0.239546635658556,0.162779345513003,0.120125120841721,0.15501787078279,0.424293370095303,0.155693739115538,0.409166451816973,0.288997438209016,0.206952843511633,0.130257826794986,0.944294141624117,0.871895991531,0.454237062918293,0.764934888277724,0.480126450298254,0.159820920461825,0.833504902755316,0.261277182073786,0.218098472125552,0.330118524772178,0.648033931228533,0.12067481209484,0.269498843212004,0.156243268725267,0.622616213419638,0.115469105213607,0.38207556164616,0.236146215461519,0.126325637440175,0.263620303880288,0.13142608993204,0.271231862586299
7309,0.0859508385865417,0.0290983179715746,0.0338062393712429,0.0625396704602484,0.0743898595410073,0.0696248460725255,0.055696691102256,0.0957383450294119,0.15908505819812,0.129798500443091,0.112067707654755,0.186349379025311,0.0833510700295926,0.0785266184684783,0.0986223261166953,0.152673905579003,0.0665952003853021,0.210346101332829,0.176207510967017,0.0573001200046027,0.152891783824181,0.0400934765596648,0.159142619063902,0.0619729995762467,0.0292821325740556,0.0458486336529065,0.11078637810875,0.108893456197045,0.0484128992512954,0.0709073441570174,0.0440152765777952,0.15056297902179,0.0502428425044196,0.064921021855213,0.0471843734705443,0.0549774814984861,0.104710032376105,0.160600153524031,0.137396860306791,0.147269916325012,0.160427801429896,0.0863551253628309,0.109313397240985,0.223235644655456,0.579895876261862,0.516765126590781,0.930958013660321,1.0,0.494842861159538,0.118190308739992,0.703150524220998,0.0726760644200139,0.232181686318546,0.406161661714064,0.415617489411069,0.463890009443373,0.218948688643418,0.381254961131659,0.435598848220548,0.455491972167232,0.711976643055471,0.810861776110653,0.378094865321303,0.369579832438203,0.757024988576637,0.728656206256653,0.422373114407319,0.901333489843591,0.736432164804221,0.65324024536019,0.583831248514307,0.313849141572531,0.652590420544204,0.757644265091223,0.610554131019629,0.0715325542438805,0.38740128418038,0.580586610894694,0.377494137251007,0.134806732327769,0.191106637378437,0.705533810713485,0.426090320149692,0.713238526480833,0.418133644084704,0.308453282656142,0.44173484375795,0.599009787738309,0.16298550603384,0.0973956098865239,0.0623478969792382,0.101439936079112,0.262206889940681,0.113644669178729,0.403653524055943,0.192739060785372,0.167634328684932,0.0770918354802881,0.962503739772617,0.650694965194383,0.334448351105802,0.642070759529595,0.581168425580476,0.246270475278743,0.779751725193736,0.207735126273083,0.156862755663583,0.224776739814121,0.55251827773088,0.0692227252331937,0.208474648993796,0.0991996537333738,0.37270857775426,0.0873583688727279,0.367841181873123,0.199347600283566,0.0847306586553619,0.205582266908236,0.184946057091005,0.262248759660873
7321,0.141083763726057,0.07192952564404,0.137164063824631,0.104256700565299,0.125842242217165,0.130765623776997,0.116829601981092,0.188373155017114,0.246069983435127,0.262068685924556,0.230669926197146,0.252541372749004,0.119563066550333,0.0598843847699627,0.235135208397722,0.262513071131368,0.0989883082548869,0.298906969472976,0.181761222657502,0.113672073534054,0.250086675946377,0.112316383890131,0.263875975111763,0.113856703355405,0.0511231215229021,0.183472594203321,0.280072759221535,0.2384806484683,0.118750919762591,0.117865875228462,0.0983437875203441,0.344480168896921,0.103612253443034,0.133668671418922,0.0984180267339756,0.181424748627726,0.195244204954599,0.274014245715415,0.133833750647811,0.148146096623838,0.273569112716277,0.164172116113789,0.221971873316887,0.240499401467806,0.579662440076325,0.538902275650123,0.624912600590583,0.494842861159538,1.0,0.130190553369531,0.675842455608722,0.0931987410591512,0.588561995748394,0.849677263549148,0.5622255193441,0.52479353624396,0.261583521463824,0.542987229434103,0.852800707557543,0.599663149438167,0.826676136973108,0.690681490096605,0.779051558468497,0.492199412940403,0.806522451067039,0.721251827211441,0.752477723062774,0.609875583194292,0.717656268252602,0.699805402114272,0.84530906751624,0.374699666435381,0.646257394059224,0.693822820022466,0.693475224338327,0.161698521592274,0.482658061032489,0.590496793017944,0.500711130353526,0.605750977402929,0.789224637817908,0.665503581454479,0.777269768976715,0.640371812500836,0.53157562815782,0.835625638126751,0.574100971823803,0.571700684186939,0.653232760044999,0.638868762401978,0.524408567044267,0.685673339500799,0.833047145606483,0.466832824933014,0.448108637506856,0.679426119010521,0.322341388421017,0.727991390144004,0.527371207107287,0.608809825928076,0.507983215533747,0.828499757365257,0.246390816322233,0.0990351438769071,0.52265473979013,0.396323202210745,0.221356853889745,0.882512826451572,0.58384783675035,0.704498455554303,0.550960545102318,0.567444054447025,0.720424238050584,0.213893122605267,0.38276043910436,0.540949488230152,0.405571600460459,0.671410335965014,0.113891416817745,0.580022874749383
7325,0.0428450882017946,0.0150103251015467,0.0172303309498456,0.0383821686740668,0.040260352102457,0.0435934438884398,0.0527691493456205,0.0541231408608628,0.126824956616176,0.0641737628653625,0.0707448867521285,0.0861123618644804,0.0449828930370806,0.0238487112948355,0.0535813879487823,0.110994506648884,0.0427528232721589,0.116053068378555,0.0431804956638099,0.035388029808636,0.077453148613891,0.0281731381139539,0.0894584511744931,0.0300777891771532,0.0180752183571253,0.0233415207424464,0.0532554055958603,0.0307245203615486,0.0348146827828675,0.0406959807378553,0.0245705367924143,0.0819812641349151,0.0305868287220085,0.0394438650303103,0.0282277032763544,0.0230959138506269,0.040393770345939,0.0671017856915572,0.0469890145779437,0.0844171339607139,0.0943643443037105,0.0683924132031088,0.0617400127150488,0.0403786579686655,0.236096354714489,0.186702825090823,0.178524969887762,0.118190308739992,0.130190553369531,1.0,0.317958423301136,0.988119848269237,0.130412760595509,0.498179483192812,0.20783835729773,0.826791551899174,0.0479154435536134,0.174122028152759,0.214062407874938,0.463184602077986,0.182415884100475,0.113652107039982,0.120654924779237,0.133469832625214,0.185101692681996,0.203397445441799,0.255061087874004,0.150757754784796,0.196509527211494,0.200474110095016,0.403488320333924,0.133824772926618,0.180991743782258,0.231581095458528,0.209697963700347,0.0478976773638768,0.186552992358122,0.191583320770351,0.179771093872951,0.161547219174846,0.0981453960902933,0.159815555539444,0.19595576920436,0.28529650833107,0.189854976882207,0.365197599882554,0.456485587061051,0.208565722848924,0.213983200016377,0.0624006429486116,0.0418120568106164,0.0782142173645501,0.179142143251391,0.0919026248337544,0.379407118031794,0.128792322504738,0.128595255644775,0.0521727393032577,0.105187132214016,0.181725659786106,0.836415909695745,0.169826200825332,0.0492558425310063,0.0260190824965302,0.143620316252247,0.091554119905355,0.0912085103994658,0.106410153585022,0.138681651306559,0.0579109685521962,0.122828258402946,0.0859545675926432,0.176937165358581,0.038685114909537,0.103018262377855,0.234308723844367,0.578655066970407,0.126706825045677,0.119762953602018,0.06767936999738
7326,0.201471795720243,0.0592285664055755,0.119184404489601,0.117593996761965,0.155594366446683,0.148728594986051,0.0991704964290089,0.200663076970126,0.236089435751604,0.215840948994658,0.212938846446831,0.331778908291086,0.143048091666849,0.0565565026372083,0.152820073623642,0.236519600208888,0.0989299733110182,0.373073077126098,0.151629229675343,0.110768507522736,0.312236473024845,0.0733047273820906,0.338177248811319,0.0933747411879049,0.0429473616718968,0.145123918162136,0.113883272740547,0.113234659566839,0.0768980537415104,0.134578966839014,0.0631814859145864,0.267855932782419,0.0758120802515578,0.0959426344129476,0.0680195504065945,0.124452014464273,0.139196558246918,0.231865944630622,0.0939626409646372,0.141036780100865,0.322149331155668,0.162663817913205,0.177720407150414,0.186472062594142,0.961320512603334,0.937064159438513,0.905401907796057,0.703150524220998,0.675842455608722,0.317958423301136,1.0,0.249360332953406,0.269415656799119,0.706602371417896,0.912337065407387,0.73810944760341,0.21400424660917,0.875749718280568,0.806723382011734,0.823627398738294,0.713946209825223,0.624225157330811,0.508740310637625,0.428758115086597,0.809989271968521,0.80735040699017,0.779580523028705,0.873181535134288,0.824652365571042,0.970220700803785,0.861152826737107,0.549472200572678,0.794278934877092,0.970442544336992,0.858493435971145,0.0934985733319381,0.754441028613542,0.952102470512483,0.889002091204978,0.229206278440537,0.300661628429751,0.768187426645748,0.786857307991928,0.917199929405692,0.91344345705862,0.712697723496067,0.934972736640752,0.861227550043741,0.300719610146329,0.238536804238483,0.177081070332295,0.190917742020897,0.552252975861352,0.185435164157033,0.380017922099246,0.336554210102405,0.197536578645205,0.180648944991561,0.758138937823355,0.975972499044763,0.59650302615513,0.806148425695821,0.352495225391782,0.103451087268588,0.798426923963999,0.272896037336434,0.227593017494997,0.404228026420924,0.622382076536933,0.159343834703613,0.3048094515013,0.206027596891326,0.820270383691096,0.149267135596652,0.352144595351481,0.286420462646205,0.229542561141272,0.306340965628875,0.124591369139755,0.267245220918703
7419,0.0330315253867383,0.0178852563058696,0.0486302994300018,0.0266727441605265,0.0354147864601718,0.0320264747856754,0.058321325188968,0.0533064700934056,0.0623761269714898,0.0749135358476538,0.0531860912827285,0.0605371024551201,0.0352910406458893,0.0166804377462251,0.0445420968412518,0.0581436583054601,0.0285964456573345,0.0726000057615219,0.0479470852451108,0.0227460030893411,0.0605700770432373,0.0250936547617028,0.0686508150116239,0.0309382378372224,0.0119929382331252,0.0553358627589869,0.0392867540341548,0.0417117668850554,0.0275565411307398,0.0244173810276548,0.0276472649539192,0.0712313263997985,0.0256603506301908,0.0298064169515364,0.0257481497742761,0.0572086245842159,0.0446187224601248,0.0598615760369079,0.0532786411201135,0.0582701291709534,0.0685503155439998,0.0431878038243889,0.0688007486158012,0.0483908709772806,0.166510802646569,0.122883860906984,0.11558978387397,0.0726760644200139,0.0931987410591512,0.988119848269237,0.249360332953406,1.0,0.0913288151740291,0.478380699447408,0.130878664794064,0.780588493164676,0.0391374285458795,0.117671058568641,0.140251918217819,0.402044871568745,0.129534203710859,0.0780537209997408,0.083803605522808,0.0913107042471253,0.112646295284928,0.125789101248757,0.199304189446267,0.0943141842879178,0.112089936298852,0.118787077853805,0.354280447518373,0.0886193046652089,0.101727204438734,0.152896145182707,0.125733905403674,0.0340155564686657,0.108791493523059,0.116579399575308,0.114215345037397,0.151549291550693,0.0669388476986176,0.0985983436791536,0.116070320188532,0.207818193319164,0.111569265557386,0.323722072882251,0.394565893043737,0.121412277196893,0.172847767449681,0.0612621448810899,0.0598415731240865,0.0576995063105608,0.116315459699339,0.0591759360285037,0.341371143292846,0.0710873314129665,0.058154631179361,0.0468560506679578,0.0695102827976068,0.111650335971426,0.81066369745177,0.118164492220267,0.0287904263801373,0.0252281310113597,0.0930759057671731,0.0732400778226687,0.0826383668513803,0.0815158536504065,0.107038684496671,0.0428721626536036,0.0710082345999028,0.0863239880864806,0.118936813545144,0.0580232645559668,0.0643980237041331,0.233506332661672,0.584340031009246,0.114260467584846,0.0968650699036408,0.0610953301325318
7610,0.0569159113358002,0.0460053020933972,0.0699336177352291,0.0922196697583399,0.0766765202003973,0.0844284576949773,0.103022889977219,0.134414599553463,0.350232153267801,0.182784933995322,0.197157172682284,0.168215560236838,0.105179479778278,0.172167881463556,0.194587721120239,0.348982299321356,0.112808497511352,0.265258010863743,0.167439610025438,0.097535886412897,0.159989190232693,0.106080570493311,0.160105876152838,0.0897903905599387,0.0464055111862455,0.114719746904485,0.485338693050411,0.149887790353474,0.0924803574940441,0.0929651698425493,0.0843311556710034,0.276358733421445,0.0899893423919684,0.124971139522505,0.0934904048935434,0.108647680345027,0.171600302887413,0.244529514121637,0.569473786312406,0.333300524282533,0.227289485961008,0.220786553817342,0.219954552641982,0.128506836890081,0.277981725071043,0.166775772013523,0.24474836049146,0.232181686318546,0.588561995748394,0.130412760595509,0.269415656799119,0.0913288151740291,1.0,0.510243846111691,0.231994021561662,0.300766922599199,0.179655249051442,0.190744038928552,0.543514313824057,0.335349495287491,0.505365201220061,0.432636146913905,0.531116858055035,0.398430608184509,0.495537828536146,0.453283378055297,0.439542692419128,0.217959081874343,0.484450057338995,0.33149111325334,0.439599072182126,0.244823787013495,0.383459569988028,0.304803713362536,0.419028746496791,0.168564318219586,0.286287105711644,0.229122300865019,0.15367964407384,0.458330100773733,0.634799518159353,0.347521917473472,0.525212396682341,0.326708150486511,0.203154403702194,0.536147595739382,0.227700186932935,0.318941637151385,0.573760203633201,0.479673279844938,0.39602449833866,0.603050468790886,0.627926670893032,0.442691557457746,0.392428051411704,0.621713833443936,0.446322792821527,0.567777594263371,0.137156967553042,0.209074834168774,0.354913402343505,0.712308351766185,0.266566722067409,0.740232160367721,0.518913405995276,0.33917480817009,0.185454317019294,0.624113110020718,0.313883968504774,0.573786711563189,0.528908886935125,0.480657527537274,0.373459341331106,0.145792127878641,0.508053748514444,0.522567338414184,0.30654620096197,0.499335116544165,0.80246693987916,0.51639628718884
7616,0.163040444818846,0.0873242702831067,0.242626571894,0.130203498550111,0.154817489569322,0.151533173349357,0.187985439628643,0.238205349889876,0.275117601491157,0.260150288335952,0.268519358836239,0.236921871426391,0.101483985180405,0.099464143483431,0.222988276239693,0.367186461786832,0.0946401683978283,0.338509144952638,0.219934578825882,0.1231204536396,0.282929141461109,0.118679648990207,0.294534696903175,0.111981875500477,0.0513452193145744,0.308599013701925,0.237153913033659,0.21415389639301,0.0943421405285267,0.108050353977337,0.084983713421302,0.379122104107589,0.0847224044027578,0.133299993715637,0.0969226470284538,0.253077335673972,0.18070257769891,0.302260844326923,0.156860292603725,0.208344550904462,0.418528743246037,0.372167388982851,0.282158346676493,0.191452971330181,0.601124292612825,0.563466663389049,0.564552710406071,0.406161661714064,0.849677263549148,0.498179483192812,0.706602371417896,0.478380699447408,0.510243846111691,1.0,0.581378039559552,0.755111926776256,0.272418450833093,0.600685946445307,0.793056736754843,0.692010035280948,0.721360552128968,0.578283075459065,0.662036928280692,0.429876152204804,0.716610333097751,0.63717891143407,0.769608047145719,0.546246621289341,0.639028642299613,0.667844746504263,0.886373697060867,0.545820396737672,0.596590826671965,0.654960350879235,0.64167180830981,0.133022372502004,0.498783335854006,0.587670962927782,0.525855683510053,0.529831943704073,0.664161690250551,0.587772049799704,0.731855833213939,0.645450587663325,0.559611340029495,0.856115415574352,0.702270244329654,0.555370816426659,0.584716476554569,0.615295107998493,0.538338685791548,0.65918678553223,0.758495889261664,0.420096174156352,0.524955711582329,0.578222379143799,0.265746087494866,0.660656691477116,0.458440885995792,0.6063877499609,0.780289880449139,0.749749611763113,0.225070042199696,0.11600849485313,0.543673063691141,0.353966799288647,0.196983581143809,0.744563501814585,0.492792961916078,0.57991492816428,0.497634764690385,0.550140789709046,0.713957515025499,0.255683664231055,0.309988493438988,0.561186344849863,0.570582977754184,0.611228344032303,0.152353211413356,0.499056911194067
8207,0.205417036974188,0.0498779071265849,0.0616740272870414,0.121438293650429,0.152469256880367,0.159364304319314,0.130575941153666,0.175206224923781,0.260741535188225,0.211633553426872,0.188509568409395,0.33834726038798,0.138606370859913,0.0517039426487337,0.141946432993824,0.24326500066073,0.0976653053630947,0.388553430658157,0.103186237683024,0.105205855293481,0.303603698883849,0.0536161319263347,0.338525497320273,0.0834976373065545,0.0401808857279592,0.0686708306011391,0.0957750300268338,0.0610567448636882,0.064492775589482,0.141095573232963,0.0617795382939381,0.260609821208835,0.0718818694505612,0.101576371832908,0.062219286037425,0.0697803173415786,0.124877393644238,0.186188112813456,0.100644818555289,0.12682769569073,0.315183953058998,0.149646795769445,0.125020485213978,0.123699829625513,0.962726406008794,0.962072577287458,0.702762628619326,0.415617489411069,0.5622255193441,0.20783835729773,0.912337065407387,0.130878664794064,0.231994021561662,0.581378039559552,1.0,0.608250874429526,0.121732070762939,0.926140301534192,0.805675196482452,0.79310394187918,0.53954596768443,0.38377702694338,0.452182866627549,0.374922722986821,0.653920726959925,0.694383458333886,0.753011441240806,0.680647552858807,0.715473502133487,0.933346341882671,0.731498426376536,0.566024049347391,0.705877736449939,0.87531867858956,0.81752110444979,0.0903998938768758,0.812700476876703,0.959135820956208,0.976709599252696,0.182868815501584,0.255463702153788,0.618904530096732,0.797720050937376,0.827856471406977,0.986163301696965,0.691520376771926,0.942345710996031,0.840154148365553,0.277025700849808,0.169249671925047,0.105016943617041,0.155561183588945,0.547981949843058,0.170011310249969,0.22933103326687,0.334071315019129,0.206101566918018,0.136728515837189,0.481097517695852,0.940747894863174,0.459795093420323,0.70550921965576,0.169991599934092,0.0518560559072899,0.656863943181323,0.228628364861533,0.227543369945068,0.353958226730469,0.525465024995851,0.128601399360681,0.283204836287821,0.144381140556697,0.852532795672317,0.0965688282873472,0.318159159798094,0.201063510922776,0.118740504133272,0.234441820453269,0.109287235363999,0.171642113063716
8302,0.130847071161789,0.0527743840996699,0.0636638537867872,0.099389771746826,0.111429498623661,0.122045229261611,0.101614562034486,0.162520526222728,0.25340946674992,0.232361516431367,0.227123835812286,0.256146707675837,0.114218231527039,0.053026688900105,0.196332294800183,0.25217428786925,0.0963642812822146,0.3783941765201,0.140138725039557,0.231338563059101,0.34605181616179,0.200295796495907,0.377636776413923,0.216059243842745,0.0444771709698598,0.092330509112446,0.133729113450548,0.0886061397175207,0.10016385991055,0.252406538713441,0.11415644201513,0.341726992899062,0.127054709797423,0.123959068788706,0.0764780661498335,0.0941130512343437,0.156489693957214,0.276782013301477,0.100532091810719,0.147663608341424,0.237349867326016,0.138936636436428,0.164814732043131,0.184578617776042,0.649105247517268,0.596476234059276,0.60723522798861,0.463890009443373,0.52479353624396,0.826791551899174,0.73810944760341,0.780588493164676,0.300766922599199,0.755111926776256,0.608250874429526,1.0,0.196413274900156,0.557596783082378,0.631803319307204,0.776882733965089,0.582804406736683,0.459747738281115,0.435110769423758,0.366997438252151,0.608881268528664,0.615538256956682,0.628123571916265,0.567485585567855,0.611622448423339,0.657939936603391,0.760387682781502,0.379248239028233,0.588766845576816,0.678770343829758,0.634971191220908,0.113799354175996,0.518730066956285,0.626434202660455,0.56362964608187,0.324961364690332,0.322768572998056,0.526193180986244,0.586533409736003,0.689747967292542,0.599597834967858,0.707919657891006,0.782772610272763,0.602162404720049,0.409714420634755,0.247597626837641,0.179571704739866,0.259328376507554,0.512725455689072,0.227988741311428,0.502286882105738,0.356177222636388,0.251569082999153,0.235339688499744,0.47085884859992,0.63187622445275,0.914225702044679,0.585146777751966,0.2211701965326,0.0878066909453152,0.51218648760095,0.330911684747164,0.234796481199505,0.380931717691405,0.459071238574705,0.223637703106702,0.330744845169784,0.247185348931588,0.571494900653859,0.129376291898838,0.331265416535895,0.38220637356688,0.577246624295778,0.369381136487115,0.159838380266876,0.293998508205114
8310,0.127061068816577,0.130724189847433,0.100817858884149,0.0844816900748069,0.0714814607359055,0.203611254284694,0.179375266142972,0.167287664809629,0.201647868219164,0.304093793234217,0.356880543911575,0.203197949877912,0.079573925416652,0.388299045164272,0.523628174756216,0.340137492464229,0.0971336195493917,0.160410429222739,0.375551196896393,0.19712623345816,0.175283467951872,0.15973876041257,0.195297791425518,0.158034975273265,0.0604421935664172,0.294558647451056,0.182030045198046,0.196953600021217,0.562233545796497,0.165570156989015,0.403941271322359,0.246627442487885,0.375657576488256,0.341912633848452,0.361200527540962,0.18974864790716,0.434139344789573,0.567325942840525,0.357314238712811,0.415104441096338,0.267881568902403,0.377121176220592,0.200643322473004,0.338543338208434,0.141246123267696,0.112962818879065,0.212664020341142,0.218948688643418,0.261583521463824,0.0479154435536134,0.21400424660917,0.0391374285458795,0.179655249051442,0.272418450833093,0.121732070762939,0.196413274900156,1.0,0.184932377496558,0.266796374855691,0.367934076254202,0.401854208245846,0.548339327156159,0.252378208952182,0.304199095156819,0.400632550570827,0.300669407086046,0.452268076049779,0.230869209393441,0.2828266976643,0.207280353241241,0.380476722362927,0.151162680613458,0.367357919992183,0.211918142393419,0.282048727040594,0.340114543765288,0.143745695053888,0.177620781158313,0.0608810067635742,0.193817792143428,0.20760872323677,0.332198007676093,0.200855631435838,0.268780364114557,0.10413435255737,0.26373345998212,0.143365456572197,0.181018724643926,0.324400412691258,0.563505103254179,0.168155438566989,0.211552425369758,0.391512321702337,0.186783968404894,0.277332005246477,0.211762919733052,0.223764328242951,0.299090692357066,0.21315560330042,0.168127224340089,0.2145872434828,0.235246429985787,0.129561162397453,0.0937967686126957,0.22609181467364,0.382774224673498,0.186319085785757,0.294918370791205,0.302708276623509,0.202087929259757,0.420783051787317,0.236796739430059,0.220865026520475,0.19448229215715,0.280786483219442,0.330877410294357,0.277719881884939,0.580325131124065,0.165124859142915,0.657497053188425
8409,0.211794949509884,0.0752452219097885,0.242918151646089,0.11802258280199,0.179648837961814,0.152980767746154,0.106606253729214,0.24502040046757,0.181624229991536,0.240735028697061,0.215123792559966,0.334960930876904,0.129296576337084,0.0498077374037046,0.15924286139413,0.199205140877135,0.0858390740882463,0.335700860334817,0.2411705129681,0.107303515067251,0.386785110674316,0.0702110794026245,0.358623735338595,0.0791419409507907,0.0321550485734893,0.281587820683053,0.0779403873659561,0.0699753937259314,0.0657927353982548,0.122677206337832,0.0588832444314612,0.283817012881567,0.0660893647909012,0.0843234886674828,0.0687128152955607,0.224605087191641,0.140038130449771,0.249350088096189,0.0860591142655417,0.117487510916117,0.327900944436241,0.170046904967023,0.248141253205027,0.110619529024736,0.919388764638871,0.915574846617786,0.650132781253516,0.381254961131659,0.542987229434103,0.174122028152759,0.875749718280568,0.117671058568641,0.190744038928552,0.600685946445307,0.926140301534192,0.557596783082378,0.184932377496558,1.0,0.785009929874015,0.766333753363396,0.496248662232219,0.346604992474506,0.408975760040047,0.321621488573676,0.626410146626896,0.616021717048941,0.787618480236194,0.689951000251513,0.673920018318668,0.885463403248704,0.743449397502657,0.517016364476943,0.74052615986486,0.808302744356853,0.742513226818788,0.0683474219154923,0.815609060294498,0.905983441917507,0.937478071321143,0.150849742469354,0.203076865099601,0.564251865582127,0.731945213646892,0.763869482587431,0.938232224479973,0.678489952082244,0.92014626108722,0.796429827869736,0.215177985728269,0.269672819849735,0.249351390217886,0.138222780112962,0.511695255068555,0.118195375249058,0.187145152523895,0.249628729517428,0.108367472753491,0.127044140801428,0.474432842920968,0.918540629047469,0.489995852017722,0.6656338529323,0.333668230897137,0.0457204137080469,0.675628249702446,0.21546052771029,0.182757039675831,0.326321467961816,0.472313174006307,0.0936249566100742,0.231678120149881,0.232949052773508,0.855740682814971,0.199837101391448,0.265953279107596,0.24327296043441,0.138055907287014,0.266946833243585,0.090441232497467,0.211812457236206
8412,0.17788469779134,0.0763591408007316,0.108489514010217,0.149361004322015,0.155682667953659,0.173150695965392,0.131893985285595,0.219321290007777,0.416959576912769,0.303712303963828,0.302517761035356,0.339724424155627,0.141143315191336,0.096371671525287,0.288691038454414,0.415973722912074,0.13282625327071,0.512925862163328,0.246601379926059,0.148304745593757,0.351498127395426,0.107742541899194,0.347274409987886,0.120758827083947,0.0633106953788357,0.156233770366608,0.249110450867529,0.149257505648107,0.125511104446187,0.163166262437833,0.114472043110481,0.394295718820329,0.117223564935564,0.163182498853826,0.111454132154675,0.144462469096851,0.26489466809646,0.30829833049741,0.12946116227744,0.211060375762291,0.357157565868354,0.236425282574708,0.321351620355432,0.202626798962703,0.780890211955179,0.751402603450923,0.656899255657315,0.435598848220548,0.852800707557543,0.214062407874938,0.806723382011734,0.140251918217819,0.543514313824057,0.793056736754843,0.805675196482452,0.631803319307204,0.266796374855691,0.785009929874015,1.0,0.840192814459445,0.814526024805385,0.587265473642106,0.793933089569167,0.65533572349496,0.868003769805297,0.84863681951788,0.888470634182827,0.686098424239347,0.870156025200768,0.885228942904089,0.858136104741437,0.539219237709813,0.839328115283841,0.833505522097268,0.897019682294411,0.188758862662994,0.80977738608617,0.819611541992145,0.757736014475885,0.500014755032486,0.688311546141238,0.705784436932611,0.928244475953571,0.815043978701363,0.780984285217266,0.90236017088939,0.783462833201886,0.804634172962619,0.648479286069338,0.554502918817623,0.399944615849805,0.571973359146424,0.871128634420483,0.465278737481481,0.478174769807836,0.731907799805215,0.515717262262141,0.534156932145674,0.464484818127122,0.786362574117104,0.618205396756508,0.816146718400824,0.303510021370452,0.0914871076152468,0.614249038050708,0.468592640715878,0.373222799413642,0.741264491352259,0.695508852969032,0.53511516479821,0.635082227932353,0.49153740388078,0.843383633344901,0.186425009813855,0.466385949218593,0.456694162153555,0.341729901321408,0.616675462292583,0.184451848526765,0.511661406619314
8413,0.211378263794683,0.106394384416431,0.101350108289126,0.153753642939917,0.152898673104938,0.194495522089431,0.154426959528604,0.219417133683626,0.384125403069369,0.379003187853655,0.321394823565781,0.381394902637389,0.150031328667119,0.104051048159079,0.415278978431487,0.418537396448824,0.156048726049378,0.565931718461699,0.213682810350471,0.180255316955832,0.342823363015127,0.102387960739654,0.357366436297909,0.144362902067279,0.0629331294532051,0.181619401732735,0.177758191539287,0.127336689158701,0.13828422691294,0.171481643832027,0.144490500479008,0.363804876876173,0.127825750436891,0.202622072339013,0.122683886616855,0.173089053938799,0.373531394647849,0.370273693986818,0.131339615176184,0.195860786915046,0.372899241491518,0.273472090132171,0.362487774265642,0.245728609751704,0.795294804950347,0.757181744900866,0.666249275541456,0.455491972167232,0.599663149438167,0.463184602077986,0.823627398738294,0.402044871568745,0.335349495287491,0.692010035280948,0.79310394187918,0.776882733965089,0.367934076254202,0.766333753363396,0.840192814459445,1.0,0.685206315578415,0.521313506429018,0.634157462278744,0.676294618224467,0.779410999931568,0.816296936197017,0.853701722927762,0.687061586331998,0.799605021903155,0.845591298295295,0.802138551850223,0.528140470146291,0.769106209172142,0.827129285416958,0.875769782497707,0.155934595317108,0.791362078307186,0.843984489137257,0.758806930688364,0.355392648674679,0.413780853697491,0.732381366606993,0.78414115761446,0.838780677599925,0.767171176420587,0.791804580610905,0.837658602243539,0.768320834724379,0.507519853600708,0.453624669049582,0.21413127107823,0.302329455961056,0.67612655256122,0.316669537560102,0.49196314452465,0.517675218327694,0.483185564765763,0.256583229313888,0.491075419469351,0.791362518677538,0.749496378565766,0.68270159833259,0.261909163472099,0.099995346389376,0.617754322808778,0.464764326664273,0.467250873437098,0.469006850997174,0.737830652208319,0.256219231096472,0.543542618487369,0.336579920062236,0.734233924659296,0.177397293221516,0.489104349884658,0.395171009086087,0.381116110357988,0.572600639042884,0.193612052947542,0.493616803623165
8414,0.126579441939364,0.0715292519175641,0.0829362080560282,0.127590528133802,0.121369210758024,0.160190720491377,0.149272082487552,0.202612567426803,0.370924045707137,0.308554720873271,0.326971762793189,0.261829590721401,0.1209630312916,0.0902569219832449,0.295738728443754,0.39252800779125,0.119927334849754,0.444003848831049,0.379163353673478,0.139019904567821,0.261264733288994,0.123728585440484,0.27596145475967,0.136485674694316,0.0763118757108501,0.143687450305009,0.255941332628457,0.176139324215184,0.185663311290303,0.146267762512924,0.127016349094616,0.3436923405601,0.130397325471623,0.171850777551648,0.121483162363722,0.117780457098875,0.286634652035816,0.331440586391841,0.15302184142578,0.19495777144271,0.3002287027523,0.24459397665212,0.314457186338419,0.278095624490407,0.591064144347388,0.552414258228599,0.766099576457678,0.711976643055471,0.826676136973108,0.182415884100475,0.713946209825223,0.129534203710859,0.505365201220061,0.721360552128968,0.53954596768443,0.582804406736683,0.401854208245846,0.496248662232219,0.814526024805385,0.685206315578415,1.0,0.833616078448096,0.866891851117782,0.707239643810032,0.932137766659891,0.871524066457025,0.732820928850685,0.762053768992761,0.858783247002004,0.748740358612777,0.805934980432141,0.439277248807043,0.786306013031345,0.776811592291996,0.822221365646822,0.198364740349795,0.588956340880066,0.65301523653809,0.477947352633837,0.497172388875483,0.701548648388005,0.748033613935536,0.772535757525158,0.793410365013965,0.513457930927069,0.747376871069593,0.551577374451366,0.684848792918413,0.627129608879823,0.555232459002403,0.366128664533272,0.557493288650491,0.751852185879271,0.519133391471071,0.642423581369534,0.697364774422689,0.514259230015066,0.52952288470522,0.687144197309471,0.642508801659593,0.563691919525956,0.781807498651193,0.370683927940322,0.153453764060222,0.633399986638598,0.499322409914261,0.388883517431244,0.71087662935056,0.754948360595909,0.533860154116505,0.66622247667311,0.471184519239514,0.605830832333397,0.185173265958091,0.474593954082499,0.463546099897949,0.365063206015206,0.637799684336589,0.194226069963578,0.588461448159563
8415,0.106269606791153,0.0602084592080401,0.0637380207523001,0.0903903539417276,0.0916578176507327,0.121263116069497,0.118207070221015,0.141068092517087,0.270795326511184,0.226085736453938,0.227884468295461,0.243254817591284,0.106484402443715,0.453820663164288,0.225182266520464,0.272423842994384,0.101018205607503,0.3145766616103,0.358004916565735,0.106831268624455,0.192207610616709,0.112362243139463,0.206003271722451,0.137932011985387,0.0519096612593707,0.112860656389806,0.231584111045942,0.209828432733517,0.191271275815835,0.113072207790748,0.100861932011539,0.258179077310622,0.117455140089494,0.145686446195956,0.093900506534733,0.143286168110476,0.295231643058226,0.326834015065606,0.371235384535949,0.513346205130237,0.239887477605964,0.164150559405513,0.231126307628777,0.27628292219461,0.492344412293554,0.447104969498087,0.77719271484414,0.810861776110653,0.690681490096605,0.113652107039982,0.624225157330811,0.0780537209997408,0.432636146913905,0.578283075459065,0.38377702694338,0.459747738281115,0.548339327156159,0.346604992474506,0.587265473642106,0.521313506429018,0.833616078448096,1.0,0.612604795248124,0.559924056388602,0.807942179736833,0.754284673534354,0.553168953132913,0.752715084908289,0.737522338043864,0.607317929104276,0.653242858028317,0.322282853425023,0.659117996843275,0.68036685629394,0.657565020495444,0.145698327028033,0.3935230367276,0.507789902504067,0.31662268093166,0.353377459769873,0.494514956546513,0.731003487491225,0.553591102046147,0.670797318303859,0.354249645624393,0.491696886938796,0.396697824548313,0.53677401476107,0.444110828490391,0.402671825855521,0.247823759097385,0.379899290835272,0.532928038750363,0.327575990111369,0.506446381207,0.47463341426961,0.35809538413529,0.428469670195791,0.764491839009395,0.533625212403286,0.399988661957566,0.673962493531901,0.426256690892676,0.198944659688561,0.644233336231878,0.385220861723004,0.30372900617749,0.534829654605468,0.677242919572694,0.370118936393561,0.460620739571514,0.326257581981485,0.43018641007583,0.154451647886108,0.416042563231792,0.368802690289798,0.24027985607822,0.472263618372644,0.222107448223574,0.507169913863555
8418,0.117179036038247,0.0705197176657862,0.0817160580986289,0.117751597870118,0.108263539818189,0.128833181560168,0.117340119773516,0.172881175063273,0.340613463723083,0.324383164523402,0.257731551773142,0.223596733901257,0.104040621816936,0.105683370071658,0.295320622701927,0.343928336506066,0.117215807556238,0.495908315154642,0.475898717063617,0.116285515945513,0.229292589311364,0.10533194436328,0.241216897913539,0.131999375040438,0.0617295114937702,0.119722294448853,0.27059221538954,0.184735101646189,0.127014159376017,0.12728661897668,0.114195628759347,0.344288492024393,0.109247536888856,0.16688441318437,0.104074814287518,0.14056729747498,0.300169907150736,0.246318194044316,0.119682111839546,0.175411141678307,0.264831419597622,0.18994439587549,0.375620681320445,0.224849261084763,0.44091775639883,0.424242984625136,0.468857203722649,0.378094865321303,0.779051558468497,0.120654924779237,0.508740310637625,0.083803605522808,0.531116858055035,0.662036928280692,0.452182866627549,0.435110769423758,0.252378208952182,0.408975760040047,0.793933089569167,0.634157462278744,0.866891851117782,0.612604795248124,1.0,0.765054167801139,0.750006048652885,0.711335040295227,0.666931655827971,0.490694537804657,0.679690502752105,0.591208962576652,0.64853755737263,0.367501206743271,0.589418327275535,0.588661012104754,0.707961414884357,0.17739627564212,0.53455662122836,0.516037044637694,0.409255151646434,0.532045195193562,0.758367202024188,0.614383300560223,0.721564065425486,0.589930984366084,0.411818061429441,0.760960235832437,0.446610641541816,0.497896635673642,0.662747513162745,0.590702324965834,0.418785476885862,0.617895724360954,0.763976328658054,0.518766119724573,0.504892209080304,0.754320803988631,0.545763073744641,0.611275311476801,0.359931042799493,0.462571960994792,0.498268187490402,0.663575287854077,0.177708234557162,0.0934550513436237,0.4015198841088,0.503882148814272,0.474093690677841,0.765410331098156,0.720055014965667,0.608766430986394,0.654461265134833,0.520129495569434,0.566306301646199,0.17519605879131,0.418764330577218,0.459888503057313,0.351208116496696,0.657110204747716,0.164257098762174,0.540668571510376
8419,0.102934568933967,0.0681155287863806,0.0945361580127592,0.134290716701805,0.105603099589423,0.134200829687955,0.134969544660542,0.173958612151916,0.48526395152994,0.277552815019267,0.27154050129029,0.200903480424321,0.105025660303512,0.160415598534198,0.292917393400335,0.4736505703296,0.132501972396931,0.703494035437125,0.279734635213639,0.133777928506905,0.243650514065099,0.117200563866016,0.240997074929157,0.137823855313999,0.0752470862473473,0.142021143617945,0.226623188534682,0.13890267679427,0.15843086762612,0.133941387232382,0.114102099859318,0.321965033881284,0.12299805465158,0.179594970621751,0.118932325795884,0.130266821067855,0.39359241142226,0.276976380836495,0.146331645580137,0.23667323003728,0.3177032785619,0.259048758055355,0.607429685775797,0.181224057721872,0.373085433852877,0.373018501648886,0.441529739614708,0.369579832438203,0.492199412940403,0.133469832625214,0.428758115086597,0.0913107042471253,0.398430608184509,0.429876152204804,0.374922722986821,0.366997438252151,0.304199095156819,0.321621488573676,0.65533572349496,0.676294618224467,0.707239643810032,0.559924056388602,0.765054167801139,1.0,0.692276537553255,0.754133521624828,0.561193397616498,0.488174537390004,0.699365237512845,0.53228194107535,0.472922847832311,0.424993171796354,0.582322575177634,0.557708735741475,0.772701185526658,0.195421981041878,0.593221875252146,0.496770095534666,0.34805587623069,0.346191238635095,0.59279693147288,0.629997133716456,0.634263182703428,0.605455609524747,0.344132229988398,0.567057729652578,0.36012597751517,0.482583900896041,0.58329062167713,0.513862568678087,0.26558236861463,0.440250278270968,0.61848062402689,0.451064658104054,0.542599681323726,0.749327065365654,0.782938602581646,0.341631141433746,0.361245112127327,0.386930335729387,0.484815449408849,0.476377193319729,0.177982497071486,0.128821999261729,0.409048913178633,0.608749172101123,0.756065138050379,0.51207889299528,0.897449504209816,0.391864241196915,0.713081842337873,0.413556246155692,0.407616315462791,0.155897856041818,0.439522005427565,0.320995975993282,0.203565696691671,0.535844220719329,0.221495892688949,0.456393503871562
8421,0.163928650457767,0.0808829320773223,0.0808238459383003,0.146586943015707,0.138710055028291,0.172842309810861,0.147393329764425,0.200638359134488,0.445461726592627,0.27775404303571,0.30897170104892,0.316702104754993,0.142942159564175,0.105430798501261,0.322301792114178,0.466746526715094,0.13867412060442,0.487288012054926,0.316482581363674,0.17262255188798,0.310668578817338,0.113557985322689,0.312269393525524,0.14659956316633,0.0678043738508538,0.163974419869461,0.239149109647139,0.183967835693768,0.146673084894495,0.155182568016105,0.127507608632802,0.376952764651811,0.135059652794401,0.164248224446061,0.130752886351233,0.122054973074208,0.293615053368945,0.381374863681506,0.145979036640414,0.233996955158164,0.362857479701857,0.311414340232467,0.326408921232786,0.263223144703944,0.712541021098964,0.644497422331439,0.840806435381066,0.757024988576637,0.806522451067039,0.185101692681996,0.809989271968521,0.112646295284928,0.495537828536146,0.716610333097751,0.653920726959925,0.608881268528664,0.400632550570827,0.626410146626896,0.868003769805297,0.779410999931568,0.932137766659891,0.807942179736833,0.750006048652885,0.692276537553255,1.0,0.940937507227671,0.819157070440731,0.852991378195633,0.951206969107835,0.853611791779085,0.848034061235772,0.500424962899751,0.877843379451795,0.869364032292297,0.899052533145104,0.208895451978488,0.705787958308876,0.757327594089631,0.584609197113439,0.436767636792496,0.6155486948749,0.835122172341014,0.831923676890279,0.869960765299775,0.637824146660933,0.721330997937292,0.644461690573542,0.803846901868629,0.593637092847156,0.543698065910778,0.312344462565732,0.491072535434859,0.767726299188987,0.437074363112466,0.603164539443228,0.668268655742794,0.553724187838711,0.435525531978165,0.744312065301716,0.750614734568147,0.566521620520897,0.798750547896048,0.459812157637047,0.160084361361136,0.730285685654957,0.494618798597482,0.38671651382892,0.640808226622834,0.745925452928674,0.447397392755188,0.658581543461044,0.426778456334465,0.684341285083708,0.179869390368176,0.516382148680595,0.42517432068868,0.289865518961483,0.612814887542861,0.207669244576626,0.579356205019102
8422,0.150454114217149,0.0778846062000163,0.104107066463558,0.156831380152924,0.154561125183632,0.164037388758508,0.147856418849348,0.220616600890416,0.49801659721313,0.330116576562219,0.292329052259715,0.329544466940503,0.143961641326541,0.113780043857428,0.328130361763098,0.475845520250034,0.151929122579009,0.557997734556928,0.229038768520108,0.158843412938152,0.324913559385165,0.116337017290619,0.328826893605392,0.146977318284838,0.0735495173165212,0.138207921467708,0.220774301447163,0.158039366402503,0.135759183553884,0.176442950031192,0.138222390872907,0.397723145784085,0.142870936441544,0.203823301881499,0.141498733696851,0.158305889907287,0.310916423294603,0.332958922528231,0.139502912968417,0.251905716051842,0.356402492324794,0.234362115643079,0.393426151289571,0.280536914305954,0.732374029414563,0.675918575326168,0.835445423272381,0.728656206256653,0.721251827211441,0.203397445441799,0.80735040699017,0.125789101248757,0.453283378055297,0.63717891143407,0.694383458333886,0.615538256956682,0.300669407086046,0.616021717048941,0.84863681951788,0.816296936197017,0.871524066457025,0.754284673534354,0.711335040295227,0.754133521624828,0.940937507227671,1.0,0.761215595338365,0.841335507863701,0.972948136605866,0.866927248144102,0.759127512853622,0.538648604822476,0.862062153860841,0.884615008468498,0.946061813293739,0.221525653297385,0.75791081581766,0.807984795915937,0.620670528745862,0.440746258608049,0.594013830313033,0.827003326451097,0.859072862895651,0.912393077428556,0.667315724043662,0.716256732832299,0.664923020744483,0.84617379903218,0.611379663836167,0.433103998390349,0.296651349906954,0.445522646469585,0.717173586241621,0.490060085629289,0.639870289756698,0.693096188532753,0.643880303963009,0.340138721611139,0.719453362683026,0.770911963004322,0.57663895243721,0.758083572994166,0.375292242147976,0.150714754900956,0.708133421986798,0.518449585538628,0.456010537304386,0.570697373673468,0.811481832169584,0.397912717255564,0.675571806465544,0.449850665325169,0.680562291615423,0.188518223127669,0.580423541492652,0.391188042809283,0.237617240336057,0.557388511457392,0.210541289235511,0.503456039496294
8424,0.228295654553654,0.114842566232903,0.118651087401457,0.160056000921619,0.173123597053644,0.218279786497904,0.192915359476731,0.24964389493322,0.357377998260605,0.384988225613823,0.369429978602827,0.381886420119581,0.170375105760576,0.133216567225761,0.465757827393978,0.43894218569336,0.16864717066247,0.486979700255422,0.297126454669053,0.232309221589306,0.395992070329123,0.162877553514248,0.390388327995811,0.194329962715633,0.0796446480161876,0.244999827247806,0.233661293480932,0.224636397580939,0.166791114213703,0.193972035992202,0.160929699876965,0.435967359437105,0.144541764235117,0.189201645190982,0.14500338176158,0.185428459435875,0.340969998391073,0.454108863471484,0.17269423331202,0.221312577377876,0.420304423151121,0.362596804457111,0.300045345885821,0.25618126532979,0.755292852803472,0.695061900474266,0.616767733791521,0.422373114407319,0.752477723062774,0.255061087874004,0.779580523028705,0.199304189446267,0.439542692419128,0.769608047145719,0.753011441240806,0.628123571916265,0.452268076049779,0.787618480236194,0.888470634182827,0.853701722927762,0.732820928850685,0.553168953132913,0.666931655827971,0.561193397616498,0.819157070440731,0.761215595338365,1.0,0.671458921226538,0.795831039306167,0.821040473098591,0.857354294880613,0.52891315842221,0.813134798643377,0.771378782662123,0.804514523659481,0.194487059036679,0.77712301488275,0.770575837968024,0.701654041981199,0.442047835987216,0.578832577039602,0.72597045224736,0.822447270627897,0.79945202966751,0.72689983887413,0.81784107632628,0.758989947944161,0.758771701664903,0.62247154971413,0.617473935521593,0.336615234692162,0.490943139843874,0.804250067601679,0.426237581834677,0.497446711248199,0.606720637966283,0.415177755627901,0.540926371612582,0.455007090264445,0.744694319875149,0.625108568430075,0.744187442709425,0.370545811175012,0.113608063888459,0.628914905805635,0.481544961648075,0.356843900639673,0.677202865159412,0.629188251347447,0.466954446181102,0.639421037958473,0.431365570795909,0.787554959560737,0.23021809085703,0.453583996980857,0.480293709861831,0.409137124074859,0.673119407064841,0.187918641981136,0.586023511700714
8426,0.145093275530109,0.0477277771451497,0.0844297256592767,0.0959544362115766,0.1191656598504,0.111993287153414,0.0782817570285585,0.155045565625976,0.223398030191335,0.192289944926635,0.158956827331089,0.273696821024853,0.108925415107858,0.0678937664792231,0.138011667790066,0.21006031165696,0.0849724073621289,0.354998550209027,0.210248521543184,0.0827304893334313,0.28240377038852,0.055562731619787,0.258071318279092,0.0837306315406834,0.0399637167335924,0.0924795496670089,0.101232572771312,0.115302850297017,0.073222195659737,0.108595876280996,0.0645145223675098,0.244060583120212,0.069736521144419,0.0972116139356381,0.0640154884520993,0.103501144436685,0.150104349531873,0.193124373607317,0.0761028932413289,0.13441003733447,0.251098289743111,0.110741313454196,0.19626304324563,0.218439231432714,0.796131906758414,0.750451871397923,0.960036446368228,0.901333489843591,0.609875583194292,0.150757754784796,0.873181535134288,0.0943141842879178,0.217959081874343,0.546246621289341,0.680647552858807,0.567485585567855,0.230869209393441,0.689951000251513,0.686098424239347,0.687061586331998,0.762053768992761,0.752715084908289,0.490694537804657,0.488174537390004,0.852991378195633,0.841335507863701,0.671458921226538,1.0,0.879637946448819,0.862900636029563,0.737258353996496,0.457196224150985,0.850414654368453,0.909408238762225,0.79547526703121,0.0932778823743179,0.700109360735091,0.811663916443862,0.664438927218008,0.193665593545788,0.287295764589098,0.796932516285409,0.651913341082095,0.877618225160968,0.679394114657023,0.515622506489595,0.691508770463045,0.80859339417244,0.246798095040669,0.177160731000653,0.128702722590984,0.165336608299948,0.42689515919067,0.201962259986715,0.434995606080698,0.316770383388349,0.244654329457937,0.127401152347515,0.914511689678475,0.85480429203657,0.464115641972111,0.722894571287812,0.633426512986888,0.129075559157999,0.833747556626556,0.281769391129397,0.265682766624643,0.333786194422839,0.681435439244846,0.123077321348665,0.304424810111589,0.1734564464074,0.614196548904324,0.123905202063984,0.391488762614815,0.231988940029275,0.110438641345447,0.278141341158743,0.112092400620765,0.287292022746299
8428,0.149951073988787,0.0689946383028469,0.0911803107670241,0.151409997326174,0.14890586392971,0.157146722694644,0.133336189430504,0.215778797230213,0.494284331815033,0.27789544362628,0.275407614783976,0.332727846422864,0.153633917698683,0.108777813223314,0.267609294291469,0.464197541084428,0.143377976893076,0.529028002703015,0.257443923195416,0.146940297723391,0.345241885146443,0.111155646503994,0.320424172202191,0.12824007457937,0.0719393605674885,0.116670245011218,0.228853662998231,0.141721896182859,0.134092497481422,0.16688204520226,0.119770267223894,0.381347054699786,0.130337126886044,0.184774320338622,0.126886840191961,0.127147597659087,0.24909109231089,0.305872929309528,0.158254139813227,0.25056747688611,0.361105495035345,0.236813909476386,0.342518878488279,0.238872828001784,0.767239747692958,0.697077688286281,0.841100387985877,0.736432164804221,0.717656268252602,0.196509527211494,0.824652365571042,0.112089936298852,0.484450057338995,0.639028642299613,0.715473502133487,0.611622448423339,0.2828266976643,0.673920018318668,0.870156025200768,0.799605021903155,0.858783247002004,0.737522338043864,0.679690502752105,0.699365237512845,0.951206969107835,0.972948136605866,0.795831039306167,0.879637946448819,1.0,0.890279208490065,0.773011476401329,0.541444179890434,0.928244089257453,0.892424740393249,0.934300614271772,0.208892743370335,0.82286891402951,0.814485941786791,0.649870259242895,0.390514719339516,0.571606889463975,0.824108370101467,0.870573549142401,0.925257883541641,0.695769811849402,0.697471872470986,0.687184913694216,0.897448252152064,0.561212566984321,0.390115377709382,0.274597545649718,0.433310297208069,0.707868085414462,0.475098672515644,0.624062854178285,0.667308383749191,0.607493884366811,0.32542034644074,0.722168269050649,0.797458238301058,0.571716869659069,0.773814548718615,0.513263987889502,0.186624797068339,0.760401437542719,0.470350971245911,0.399084135045156,0.552508320786468,0.748536494592078,0.369904177258133,0.640207780328038,0.406455246819084,0.696513204446729,0.166407897776956,0.557209557968735,0.372918744939289,0.210728086086799,0.500491447162202,0.257045850793312,0.465449666576811
8431,0.199259768880906,0.0584029897601066,0.0801389101745609,0.134083891275992,0.157271940041942,0.155229625073151,0.0987030379164933,0.19768615260064,0.33152928376148,0.23349241602773,0.230347362446768,0.348638617254826,0.149485744021393,0.0775390870563301,0.185148061378287,0.317007797301317,0.11306148089404,0.462469715706608,0.163426071010405,0.117856468160252,0.327259468700654,0.0733065461838223,0.344062529930095,0.0968151986679269,0.0511751251750485,0.0981460950565208,0.142603507233081,0.106013871648556,0.0855445002969808,0.147256897252261,0.0760373071187731,0.306566405960036,0.0864312529616122,0.118017901126983,0.0798478092151174,0.0975212035962023,0.172599535950008,0.231241670204001,0.0958135011967669,0.172552797524099,0.346339415758256,0.182322156702769,0.215282705675662,0.185011038031575,0.95717414387189,0.934252939052963,0.869985882571762,0.65324024536019,0.699805402114272,0.200474110095016,0.970220700803785,0.118787077853805,0.33149111325334,0.667844746504263,0.933346341882671,0.657939936603391,0.207280353241241,0.885463403248704,0.885228942904089,0.845591298295295,0.748740358612777,0.607317929104276,0.591208962576652,0.53228194107535,0.853611791779085,0.866927248144102,0.821040473098591,0.862900636029563,0.890279208490065,1.0,0.828536005710416,0.586320156273691,0.851321130522178,0.976687251671449,0.921392534705789,0.128403348038265,0.846917559358286,0.972823444500922,0.906114156723555,0.270554606558635,0.391759530244692,0.788010459354897,0.868379475757089,0.938063332636398,0.929017991038868,0.738682044742815,0.902746121481506,0.914853945267445,0.381404686654428,0.268478070092487,0.184456144624401,0.271071104803817,0.636408379034287,0.276070641891766,0.403246643958769,0.466467498623538,0.339335168708215,0.228968460237468,0.696820216937659,0.968146014100905,0.535826306771569,0.812592015069002,0.356623911814253,0.10294488812603,0.78117680492803,0.333520341613505,0.296886011805804,0.465544940063004,0.681539952091266,0.221481896404887,0.412270901983148,0.24927027140688,0.843543160414374,0.134229407268064,0.409292761055518,0.28052492648022,0.167914445342133,0.348492036726219,0.14832821959742,0.300701633104913
8432,0.189273873417971,0.0856007090293033,0.107029378594094,0.114979881091733,0.138286469543944,0.175807236851431,0.126811904182088,0.206428049479937,0.233417737568315,0.227016582532531,0.250068761298009,0.325457945781397,0.162879500902816,0.0663067396957449,0.268647687273645,0.286405433900789,0.106858433311092,0.341269774108123,0.198876484353706,0.160240082318541,0.297567987014726,0.122830801762031,0.318778786114702,0.127490581647737,0.050739992483691,0.198272645478208,0.20481233169443,0.167058260798793,0.112779381200419,0.136053108134978,0.0906822441265399,0.302259839016841,0.0931681371719553,0.109476821579586,0.0828868351306278,0.124501358704905,0.232610246239569,0.345117076686985,0.101759515217222,0.14873019963125,0.311073292937169,0.266938087754122,0.204688661308541,0.193773797275076,0.765355093733141,0.72913884306533,0.752214566018431,0.583831248514307,0.84530906751624,0.403488320333924,0.861152826737107,0.354280447518373,0.439599072182126,0.886373697060867,0.731498426376536,0.760387682781502,0.380476722362927,0.743449397502657,0.858136104741437,0.802138551850223,0.805934980432141,0.653242858028317,0.64853755737263,0.472922847832311,0.848034061235772,0.759127512853622,0.857354294880613,0.737258353996496,0.773011476401329,0.828536005710416,1.0,0.471476445459517,0.754868063821662,0.827376733522362,0.788575181092209,0.124284024963131,0.648149993774774,0.782968540900924,0.695352449021971,0.537622963035163,0.584635458551127,0.697110398872015,0.785030673346652,0.799555513628652,0.720445709797855,0.817776980780761,0.804698279249036,0.727545148000238,0.567059251709997,0.586203459593808,0.349305928791174,0.457351685929776,0.760081826648137,0.402632842524165,0.522342683200464,0.541385333203034,0.30540003631439,0.49728756492259,0.623169530703264,0.783172639042993,0.69916226897106,0.82351924189255,0.336930919016595,0.0991667858257115,0.671363976060002,0.367887686972122,0.253015228828067,0.677025450966731,0.619509359089902,0.489799439274343,0.517373063002176,0.43126494916428,0.774036335688165,0.166522725277063,0.352989783844783,0.464673521521365,0.450368683636521,0.606657534294957,0.143308104443741,0.524143305600052
8434,0.132990436878286,0.0543128866913183,0.0487012060072481,0.180452193139211,0.129610559427823,0.148495822397251,0.243253252133318,0.171062981091929,0.584961453045846,0.185028326543455,0.292385531617502,0.221377483414082,0.0995710973123238,0.0627803171171213,0.184144711128586,0.774186693171838,0.121363523872913,0.591039509556475,0.108094997558998,0.106692232413497,0.223629113626489,0.0741678652680047,0.24148638568789,0.0862614905814077,0.0704910899267334,0.0683029429864875,0.115333656280689,0.0760984563220349,0.0856515198405011,0.108326631946442,0.0748348495072148,0.437698186429599,0.0751773585177404,0.201030166062002,0.0996969351296239,0.0582672385052205,0.140003495281259,0.17304323438954,0.0726217635312392,0.193437537563054,0.690776446863582,0.772563794135537,0.222532362218662,0.100013135057673,0.552669635456272,0.563055061873137,0.461904229203665,0.313849141572531,0.374699666435381,0.133824772926618,0.549472200572678,0.0886193046652089,0.244823787013495,0.545820396737672,0.566024049347391,0.379248239028233,0.151162680613458,0.517016364476943,0.539219237709813,0.528140470146291,0.439277248807043,0.322282853425023,0.367501206743271,0.424993171796354,0.500424962899751,0.538648604822476,0.52891315842221,0.457196224150985,0.541444179890434,0.586320156273691,0.471476445459517,1.0,0.566298611623626,0.576744229938762,0.653839515989852,0.168318018481822,0.613047264358009,0.583173527334118,0.51430208993285,0.204361883256014,0.354904395023687,0.51271048618595,0.649177385021483,0.634031629099198,0.558390430181309,0.464848509711638,0.514139398438981,0.636185161685289,0.387993177325324,0.228358919793419,0.147504460059471,0.555881013297816,0.524094348136645,0.344164839489163,0.411945902741043,0.493737806846016,0.486196791364059,0.328861863824576,0.329713969603381,0.536989648044776,0.383849563143199,0.451121306311714,0.151959469141734,0.145000073681694,0.548503332361695,0.306397374827721,0.285231124041295,0.320872108571405,0.447129606077656,0.218644069476738,0.491974794609058,0.249450481213066,0.505365207409638,0.0983599843443874,0.332218123216431,0.204239283189729,0.0993942936337091,0.270707178657036,0.164503669878425,0.227243302860279
8436,0.158897027044667,0.0776067823278973,0.125743313755901,0.14989967639854,0.152728424849786,0.178907293776878,0.152479398566127,0.238655485235005,0.438546119035127,0.313209719011667,0.343122363929637,0.335829719593301,0.139367183569321,0.0925474680391918,0.283016416666124,0.432054129395215,0.13275834301523,0.464156845749742,0.331210969580264,0.15130136228384,0.398720793819028,0.126148642448726,0.335590994561455,0.132887748213215,0.0743531377067297,0.168320689615539,0.200680464354702,0.145411731779164,0.19675260111576,0.176381557019769,0.131389273745121,0.392789508828461,0.139207870707174,0.196860791998412,0.12534433400036,0.159182501492407,0.241264817495702,0.340145112553059,0.165050269223454,0.214744846186328,0.363979487642965,0.228527802166469,0.29323894874275,0.272043690102517,0.756718335228383,0.690256183279132,0.767309278121292,0.652590420544204,0.646257394059224,0.180991743782258,0.794278934877092,0.101727204438734,0.383459569988028,0.596590826671965,0.705877736449939,0.588766845576816,0.367357919992183,0.74052615986486,0.839328115283841,0.769106209172142,0.786306013031345,0.659117996843275,0.589418327275535,0.582322575177634,0.877843379451795,0.862062153860841,0.813134798643377,0.850414654368453,0.928244089257453,0.851321130522178,0.754868063821662,0.566298611623626,1.0,0.83446241343836,0.859508087064627,0.189090450165908,0.839312366101566,0.785635972397964,0.656048317464473,0.370025601265752,0.48029665252741,0.756812279455758,0.798791010875653,0.87226508862819,0.693097801339701,0.685508464836551,0.697043973759948,0.875160226609232,0.515532145028318,0.370066995856572,0.271788745818858,0.364045697775137,0.670888252683697,0.421984801091785,0.54976251476583,0.55405660445607,0.503317169409143,0.27930987460126,0.657025623838658,0.787996772839205,0.561526381031313,0.704800448581664,0.628032462776896,0.127558901260807,0.732937041101528,0.437761294532461,0.333404482355688,0.509262736467362,0.657724427335478,0.311064656222057,0.574993387998874,0.392009833366464,0.718630306237858,0.204387121929723,0.505052151124841,0.369585653553494,0.238034867336236,0.474850517870341,0.202331126814083,0.461312932245368
8437,0.188779250864754,0.0505911229714842,0.0494122431364167,0.123101580282461,0.142977124843804,0.14109857923085,0.0819484344210277,0.169333710823195,0.301350478354034,0.216663787643233,0.209505628559181,0.31728651530262,0.134420512301027,0.0780575232268506,0.170040741318678,0.285975401621316,0.104969597766587,0.454924394176932,0.137856633326251,0.10450178957913,0.288604892551567,0.0618520356046613,0.316386653278038,0.0945142654503427,0.0504661654126585,0.0634713691777093,0.141697508935375,0.139203567589963,0.0756160283118229,0.137246449854257,0.069656955194742,0.273018041541247,0.08076515082903,0.107951828058557,0.0712866392110809,0.0740472209147974,0.167387924652458,0.205694887120263,0.0815158886437295,0.160706145180985,0.316573039727588,0.148325077594306,0.202615308068081,0.232806292212749,0.926843663972392,0.902511149477037,0.932832119419693,0.757644265091223,0.693822820022466,0.231581095458528,0.970442544336992,0.152896145182707,0.304803713362536,0.654960350879235,0.87531867858956,0.678770343829758,0.211918142393419,0.808302744356853,0.833505522097268,0.827129285416958,0.776811592291996,0.68036685629394,0.588661012104754,0.557708735741475,0.869364032292297,0.884615008468498,0.771378782662123,0.909408238762225,0.892424740393249,0.976687251671449,0.827376733522362,0.576744229938762,0.83446241343836,1.0,0.914440688560771,0.118445110941583,0.777229575401593,0.94347732299365,0.845658880019368,0.248074732214822,0.364311969825443,0.835662931592515,0.811058039564055,0.938519149435235,0.868874022671516,0.702377926999908,0.865955853073795,0.87011656729144,0.35423318561413,0.23086700643277,0.141409957770228,0.23552030760402,0.586554098799449,0.228769989966443,0.415712697280432,0.430194887198296,0.321192852767738,0.208521058107972,0.792720661321135,0.949873886571323,0.545437977731137,0.816330290797145,0.387920633979211,0.111421266329161,0.807894279119502,0.352182582544742,0.326005403546104,0.442656544110785,0.724124814073657,0.194786567437517,0.374784672872252,0.204233868113806,0.791813474313759,0.124675902404,0.422160690043685,0.285548528829665,0.183454899848183,0.33283728364944,0.135718237128989,0.285678066807575
8438,0.175609759702484,0.0716464069944819,0.111083901157272,0.158090919009352,0.159958113057855,0.17169483285005,0.132150720345932,0.225917797350348,0.479871369736845,0.293147573941982,0.308862838678344,0.335120103481909,0.147535484861358,0.111311269724261,0.267926608638283,0.46421506195366,0.142468265940702,0.601627002831773,0.217192119930853,0.149679612328656,0.342186459061296,0.107633618742543,0.354943410987328,0.142469019773055,0.0703667660922961,0.141735643270492,0.197828447934894,0.120966629762438,0.13324150219292,0.173995427129002,0.112485292207157,0.3626498101163,0.134197801437932,0.183569092934811,0.123361934497201,0.139118074334921,0.286720941273634,0.301450604559048,0.124449747187926,0.234934424046902,0.38050932922434,0.241009108508359,0.405336770152113,0.219341878102918,0.824208757504431,0.795294353918883,0.796373694988803,0.610554131019629,0.693475224338327,0.209697963700347,0.858493435971145,0.125733905403674,0.419028746496791,0.64167180830981,0.81752110444979,0.634971191220908,0.282048727040594,0.742513226818788,0.897019682294411,0.875769782497707,0.822221365646822,0.657565020495444,0.707961414884357,0.772701185526658,0.899052533145104,0.946061813293739,0.804514523659481,0.79547526703121,0.934300614271772,0.921392534705789,0.788575181092209,0.653839515989852,0.859508087064627,0.914440688560771,1.0,0.190275077198533,0.83420379129922,0.88756418244276,0.766613815483671,0.368060780087451,0.546439390279764,0.809680274737193,0.903963691239388,0.920418064226698,0.79755443359415,0.769292793976715,0.781364408870547,0.86199404551836,0.55480292695223,0.41955832773172,0.263470311325122,0.387132531493595,0.725414243717076,0.425865887757185,0.557347067220345,0.660365338000508,0.607853079251868,0.302471617542106,0.631161101189415,0.840973085223314,0.584202744141026,0.758421914025464,0.293411459406921,0.117702059597059,0.706367501063657,0.505996428624503,0.521831744200075,0.544264188503152,0.812919332261902,0.361483145013041,0.635157936217978,0.390926099977982,0.761604326769568,0.169160056945229,0.509768994960619,0.34538453343769,0.208717239188411,0.502007112055503,0.199165270426062,0.424001668387505
8442,0.0313631968406329,0.0321033909871233,0.0244662134938115,0.0615658411786455,0.0558383717051156,0.0581536568784193,0.0762670235808799,0.0870063310948253,0.219825878035296,0.169038011306718,0.164731154944662,0.0954824206196332,0.056428125172895,0.0441858408043071,0.209847662434373,0.247823185924198,0.0705501938356726,0.158083229617363,0.231277565657924,0.076920166627841,0.111863172355983,0.062190751052645,0.13940078686524,0.0817236679129173,0.0396734075822562,0.0581649613703222,0.0962277858616429,0.0934843213628023,0.837986387146169,0.228142416986269,0.898601543532647,0.334307683999246,0.915658590053124,0.569646290684138,0.96434291731053,0.0642278037917728,0.122306594570399,0.154044898265107,0.0816043303154365,0.0955210211434092,0.132474931276244,0.110346531047046,0.127514557830058,0.117667936206365,0.0861960605783978,0.0542942045509256,0.0841500798977292,0.0715325542438805,0.161698521592274,0.0478976773638768,0.0934985733319381,0.0340155564686657,0.168564318219586,0.133022372502004,0.0903998938768758,0.113799354175996,0.340114543765288,0.0683474219154923,0.188758862662994,0.155934595317108,0.198364740349795,0.145698327028033,0.17739627564212,0.195421981041878,0.208895451978488,0.221525653297385,0.194487059036679,0.0932778823743179,0.208892743370335,0.128403348038265,0.124284024963131,0.168318018481822,0.189090450165908,0.118445110941583,0.190275077198533,1.0,0.154264844471217,0.0989366095013254,0.0504884464693423,0.169256376062659,0.2107231826545,0.153860210397956,0.213660736275354,0.164855289931053,0.0742338774573094,0.188334888265032,0.077158203663019,0.167842744320517,0.25579507909176,0.169084796335074,0.111241971125527,0.208062019600412,0.24337842093129,0.20000830184804,0.208112149261579,0.246686893682999,0.253045807198474,0.155419699775976,0.0462119972617853,0.0709574569836796,0.144141802056339,0.127593048535227,0.0427467507181452,0.0619576686622112,0.0940006599128096,0.19660989534043,0.140003062664828,0.199629260937444,0.162405953312011,0.169627272796432,0.273292229468956,0.193738422189421,0.126343466768251,0.109258336511069,0.202494734734385,0.16343177795611,0.136827836556949,0.210889245004791,0.0859846757965641,0.21981914953742
8462,0.176933803754942,0.0562961068593843,0.0582769927485713,0.141911745651597,0.152215202890103,0.162619419433936,0.120073975433429,0.207435544660332,0.404816314874351,0.210075870800835,0.219099226317586,0.324987699665742,0.145320325238422,0.103995412006686,0.173732685809353,0.365364880285455,0.119065133311461,0.547358997864434,0.233721497114068,0.123036995185453,0.358187014881575,0.0735945464255941,0.317869171630605,0.1031839216109,0.0662718684674342,0.0642554941830106,0.128221879024931,0.0753756323636593,0.0879231074592223,0.152078917721054,0.0766295064675802,0.319794170122744,0.0928782637571687,0.135839398066921,0.0845155278802891,0.0728337373191222,0.188515324906994,0.204456858134484,0.0923226143496639,0.191009589622608,0.356100667348181,0.187896948650544,0.28093749674519,0.109204410904918,0.800678866314224,0.774867935155535,0.597489183822368,0.38740128418038,0.482658061032489,0.186552992358122,0.754441028613542,0.108791493523059,0.286287105711644,0.498783335854006,0.812700476876703,0.518730066956285,0.143745695053888,0.815609060294498,0.80977738608617,0.791362078307186,0.588956340880066,0.3935230367276,0.53455662122836,0.593221875252146,0.705787958308876,0.75791081581766,0.77712301488275,0.700109360735091,0.82286891402951,0.846917559358286,0.648149993774774,0.613047264358009,0.839312366101566,0.777229575401593,0.83420379129922,0.154264844471217,1.0,0.845731340295572,0.811460382225962,0.226377745850177,0.425545424993054,0.653090606315466,0.850967382122853,0.861693781428223,0.80458456563164,0.628518206138273,0.771487686152914,0.907882700242726,0.378056687794874,0.23050516854021,0.120211926858666,0.254523870180035,0.593348520365732,0.470412461815587,0.52885564395113,0.545562777664092,0.493326013373672,0.157296312853861,0.410315481888157,0.781189856074529,0.503634651840231,0.603170458800936,0.419786313310806,0.0772877759421494,0.627316459987484,0.358313284894773,0.400021096244669,0.379550990561696,0.625800988719313,0.170049865724424,0.52783127253246,0.24160920425213,0.726017403445404,0.102574529403566,0.37438432581068,0.211179966729148,0.11423092529628,0.288611402024491,0.188867474834646,0.223288637254119
8465,0.199826607589082,0.0588323797908667,0.0915330851921689,0.124118929132174,0.156274034864342,0.154398353062933,0.0923719117915978,0.191921334148526,0.275132525403981,0.233665689593873,0.198718239061275,0.341717606481204,0.135114993636812,0.0664042558338351,0.17739753349576,0.26176982190401,0.101333323092838,0.453727137921165,0.132974399768004,0.112637918781282,0.318536860656971,0.0624574136891569,0.345967768453048,0.0930451679882847,0.044812243464683,0.102631301845773,0.0985931815135856,0.0680985851876539,0.0654439498462397,0.146536683017478,0.0704451660432172,0.276520113215487,0.0743115640235798,0.112547582772166,0.0681768030441672,0.101687841544561,0.179245348746739,0.208736470871834,0.0694821314496119,0.143942401379946,0.31644974410587,0.153770252375208,0.217650681705791,0.153902821401722,0.962958309647328,0.962062698637169,0.821950351158955,0.580586610894694,0.590496793017944,0.191583320770351,0.952102470512483,0.116579399575308,0.229122300865019,0.587670962927782,0.959135820956208,0.626434202660455,0.177620781158313,0.905983441917507,0.819611541992145,0.843984489137257,0.65301523653809,0.507789902504067,0.516037044637694,0.496770095534666,0.757327594089631,0.807984795915937,0.770575837968024,0.811663916443862,0.814485941786791,0.972823444500922,0.782968540900924,0.583173527334118,0.785635972397964,0.94347732299365,0.88756418244276,0.0989366095013254,0.845731340295572,1.0,0.949732882943676,0.241016982623732,0.2921032989966,0.709551424688281,0.815804836060393,0.911321127962813,0.95514146970748,0.682882473693766,0.92037156124127,0.885231536733242,0.308733887094645,0.20692384001892,0.129466368612358,0.160490409737135,0.547509396007289,0.245673058556595,0.350024292153823,0.378770263729448,0.2947059871972,0.116181431649074,0.637865865901183,0.972162196834892,0.493280868608353,0.743458448268119,0.270307437613667,0.0789383238086815,0.740118665401689,0.292122923416079,0.306491119936536,0.357542125621001,0.667296595456344,0.125864592825051,0.352893720232089,0.202401628081574,0.828198877458007,0.117421516687307,0.377056464268091,0.219710328396747,0.107037493687046,0.283984267782836,0.122958855853847,0.231263527606643
8466,0.195341703874741,0.0321826560839559,0.0429806448716004,0.0965746903905175,0.13533859420566,0.123683344152347,0.047840770901467,0.142875316403222,0.167282711555445,0.14866911523317,0.130897320302282,0.312228608057054,0.122433408236302,0.0454564122011644,0.0616709106118814,0.146816719020852,0.0727751168950917,0.370820810717619,0.0757547047709369,0.069187590138527,0.276866744523368,0.0250837334278167,0.307676249337109,0.0590747037066693,0.0262496360883241,0.0337303375231776,0.0492016120449338,0.0293667420967308,0.030782854015014,0.112990750054014,0.0261027312539069,0.201870562908135,0.0410158463947141,0.0545782494956753,0.0288571101077301,0.0379632009416332,0.0930984735973428,0.104551933059844,0.0368573090683456,0.0851765260542107,0.262370491959739,0.0851517976521446,0.101395284805651,0.0655827719038366,0.953257626405606,0.978841219168694,0.670512438226083,0.377494137251007,0.500711130353526,0.179771093872951,0.889002091204978,0.114215345037397,0.15367964407384,0.525855683510053,0.976709599252696,0.56362964608187,0.0608810067635742,0.937478071321143,0.757736014475885,0.758806930688364,0.477947352633837,0.31662268093166,0.409255151646434,0.34805587623069,0.584609197113439,0.620670528745862,0.701654041981199,0.664438927218008,0.649870259242895,0.906114156723555,0.695352449021971,0.51430208993285,0.656048317464473,0.845658880019368,0.766613815483671,0.0504884464693423,0.811460382225962,0.949732882943676,1.0,0.119106750045988,0.180635059027436,0.562328556840081,0.737920691564486,0.784569373587014,0.98050957776532,0.634490371066136,0.935808036603839,0.797414947210761,0.173232200480648,0.0888155566751618,0.0435040736547467,0.0720497436259196,0.457867103692933,0.107040013212992,0.157401417158499,0.255091036029849,0.120241389546928,0.066458269491315,0.452497522939021,0.926906079837431,0.417166515644808,0.662760943249288,0.179686071600549,0.0320545591406641,0.641056346122104,0.173183431441773,0.226085113161399,0.280129308538217,0.530040439268765,0.0458203292756776,0.182369778570993,0.0643423919362187,0.817223872526719,0.0579582759771353,0.233067114177744,0.126493117535366,0.0636025037975429,0.129415341284447,0.0763243707603884,0.0745607979755166
8471,0.0613046011792063,0.0647522073507728,0.0318700345358323,0.0801393849128719,0.0643037402876788,0.107747525938054,0.101883307292364,0.105401583420433,0.231471149578807,0.253653697946154,0.18676106629013,0.156687666679875,0.0687962539585543,0.0371333238306489,0.276651195979758,0.239037726860915,0.0802986496844978,0.225817537422609,0.121101858364708,0.147107608092116,0.174235114387939,0.148478383486638,0.184179224420672,0.16196644932083,0.0495566435064915,0.0669695544892196,0.230332915100477,0.172765614607947,0.107038776303998,0.141994212392511,0.125283505590966,0.308564603836371,0.116723125051198,0.153927442057276,0.102196455696644,0.101654316214117,0.201278919712009,0.234006452308577,0.102484051606147,0.11560899582848,0.138274645088887,0.134381426454496,0.137551209982446,0.180963235634123,0.168087679260634,0.11899825760369,0.188247268394348,0.134806732327769,0.605750977402929,0.161547219174846,0.229206278440537,0.151549291550693,0.458330100773733,0.529831943704073,0.182868815501584,0.324961364690332,0.193817792143428,0.150849742469354,0.500014755032486,0.355392648674679,0.497172388875483,0.353377459769873,0.532045195193562,0.346191238635095,0.436767636792496,0.440746258608049,0.442047835987216,0.193665593545788,0.390514719339516,0.270554606558635,0.537622963035163,0.204361883256014,0.370025601265752,0.248074732214822,0.368060780087451,0.169256376062659,0.226377745850177,0.241016982623732,0.119106750045988,1.0,0.725954517028712,0.302054907563042,0.454613473145961,0.293004873622776,0.134345711173478,0.535777527079194,0.193119594836943,0.247599335469102,0.826768631107299,0.554160989672863,0.426097138902837,0.589408069277926,0.637517209483394,0.699697519705454,0.490822348285217,0.629729923342988,0.516282959666305,0.579389613293569,0.120197371542982,0.164231618440304,0.353589438409056,0.413344037449408,0.0757320900500302,0.0691411009445478,0.134511412213055,0.362256241796299,0.224169365791743,0.703108283518169,0.38685263866352,0.767246923510802,0.629998691456633,0.709412129679063,0.325797054275905,0.124153135635982,0.314442555440338,0.414841611983987,0.367703269711914,0.612591245307846,0.105990365402515,0.485727046933964
8473,0.0662379633743966,0.0514157650047859,0.0463717475678598,0.100575250463398,0.0819718301161772,0.125669453914586,0.143245375300603,0.148339027064963,0.37321579950328,0.208866634952436,0.21977043689946,0.155028104071108,0.0837338630305427,0.0783508571460385,0.244872608677875,0.356804196187459,0.0996395469626152,0.359962552926114,0.157390617741205,0.121448407628651,0.180676116051189,0.127952150162558,0.185523955813408,0.129751800181058,0.0734208605195642,0.0832547364811762,0.305901984375106,0.216540089744339,0.121823529151171,0.12049046961585,0.105311946690106,0.329553779200212,0.12050694540368,0.163131725844008,0.116724293257186,0.0954884132642324,0.219518015928521,0.2513626527081,0.123590028160215,0.182206396181897,0.235300876315875,0.195423945895555,0.275546468111141,0.16620146223772,0.223950322606416,0.175832511324391,0.262739452541228,0.191106637378437,0.789224637817908,0.0981453960902933,0.300661628429751,0.0669388476986176,0.634799518159353,0.664161690250551,0.255463702153788,0.322768572998056,0.20760872323677,0.203076865099601,0.688311546141238,0.413780853697491,0.701548648388005,0.494514956546513,0.758367202024188,0.59279693147288,0.6155486948749,0.594013830313033,0.578832577039602,0.287295764589098,0.571606889463975,0.391759530244692,0.584635458551127,0.354904395023687,0.48029665252741,0.364311969825443,0.546439390279764,0.2107231826545,0.425545424993054,0.2921032989966,0.180635059027436,0.725954517028712,1.0,0.453794037997947,0.701333786442231,0.452993026730862,0.206802385826625,0.687931797147122,0.239244247859368,0.404223692617786,0.828687045125293,0.674354608967746,0.494312807081073,0.799500062793869,0.8067479463239,0.815872071241493,0.667600634424536,0.895279309632732,0.613672133862592,0.776870496356487,0.171721778445828,0.226006907660109,0.41225278821643,0.557005185814579,0.118607954583731,0.0894637571988228,0.214756872223391,0.487956393783508,0.354787823211288,0.887543598091677,0.509400750882785,0.878749383674137,0.824959728930875,0.651505194159681,0.440220083679442,0.154918936915986,0.367715315575068,0.497447098998967,0.390963119188776,0.684434223306161,0.169693307553634,0.556537401108274
8474,0.20634288489373,0.0781657286251759,0.0820167903305519,0.135074004831851,0.132098801984942,0.148531534672164,0.139655975889096,0.193689064825813,0.363311519357303,0.250053194936937,0.257171536858028,0.275981760692457,0.166759540468529,0.111318310311754,0.247071481920233,0.356647070970567,0.119091761427175,0.506747752345368,0.199826860073754,0.136127022639257,0.275924142004875,0.122737381576022,0.28697705529792,0.151844667039818,0.0705007253371467,0.118754155560075,0.20216260113628,0.277200505281041,0.167468399396142,0.135478618683761,0.107694563183541,0.309014333743685,0.127278668515254,0.169653431693344,0.115288582572778,0.160945917167463,0.199314384518756,0.27754519186623,0.178448399587823,0.191958823985911,0.413471662774795,0.207213411145278,0.274652828711121,0.294091621533623,0.713832548826146,0.636604008700499,0.796458785953053,0.705533810713485,0.665503581454479,0.159815555539444,0.768187426645748,0.0985983436791536,0.347521917473472,0.587772049799704,0.618904530096732,0.526193180986244,0.332198007676093,0.564251865582127,0.705784436932611,0.732381366606993,0.748033613935536,0.731003487491225,0.614383300560223,0.629997133716456,0.835122172341014,0.827003326451097,0.72597045224736,0.796932516285409,0.824108370101467,0.788010459354897,0.697110398872015,0.51271048618595,0.756812279455758,0.835662931592515,0.809680274737193,0.153860210397956,0.653090606315466,0.709551424688281,0.562328556840081,0.302054907563042,0.453794037997947,1.0,0.744763136419376,0.839880315147478,0.60552481585501,0.590858856186718,0.62725857582817,0.736987507844766,0.442380203489736,0.323731865014539,0.191676307486814,0.302659052935255,0.570551194679363,0.352407810923917,0.554223786201177,0.501020426956905,0.446648910187011,0.298818272557367,0.74019264156513,0.71779525775155,0.472838922472119,0.711146810247045,0.393129403538222,0.143364363361952,0.695485467860258,0.427819313904064,0.418834747212077,0.528056632415655,0.708548389867906,0.283963027466329,0.489408149553189,0.307993142015383,0.617567797491938,0.186277312783818,0.398662026546916,0.324805666801345,0.212972526359416,0.398867212377065,0.16386232613156,0.38254167505456
8477,0.174160338809927,0.0685033397265286,0.15852616982275,0.158498580641584,0.172407411789237,0.170695802659386,0.157453942464533,0.255588355441607,0.485402999711105,0.264025955840416,0.288930941968345,0.317768802705941,0.151272169291868,0.0932049462910174,0.216144959965544,0.454041004040795,0.1310299085672,0.527840554278369,0.207738832509085,0.142146690644803,0.34519877336775,0.118468281907522,0.35329242980281,0.138838350247794,0.076791031435746,0.173984797741667,0.237126835190376,0.164767469811779,0.127067453006341,0.167159688733531,0.104951303983401,0.394997022235005,0.133008129799842,0.174348655293155,0.127385547372758,0.177119722519457,0.197688295061759,0.285653687827117,0.146363559874296,0.241525106689412,0.409414440969176,0.232200520835208,0.349153227725785,0.183138669314097,0.772404093936767,0.731478015857548,0.647450159326357,0.426090320149692,0.777269768976715,0.19595576920436,0.786857307991928,0.116070320188532,0.525212396682341,0.731855833213939,0.797720050937376,0.586533409736003,0.200855631435838,0.731945213646892,0.928244475953571,0.78414115761446,0.772535757525158,0.553591102046147,0.721564065425486,0.634263182703428,0.831923676890279,0.859072862895651,0.822447270627897,0.651913341082095,0.870573549142401,0.868379475757089,0.785030673346652,0.649177385021483,0.798791010875653,0.811058039564055,0.903963691239388,0.213660736275354,0.850967382122853,0.815804836060393,0.737920691564486,0.454613473145961,0.701333786442231,0.744763136419376,1.0,0.872121454391967,0.781015242570635,0.824049626713428,0.759454204858558,0.869155986476609,0.620623312088521,0.468157185982262,0.39349436662257,0.53723304295851,0.809680367812202,0.613012309900393,0.644616347306529,0.759928059418531,0.587362075606998,0.458558647812116,0.460009545224478,0.767411777773703,0.565996635687829,0.759350837854561,0.199370104926482,0.0970919872619029,0.59081044770881,0.457840010878747,0.37540896750135,0.684634286313552,0.645811867596954,0.484125099671366,0.685988466890522,0.512012709795829,0.815184094209847,0.201848555282977,0.444922720591653,0.404404469177742,0.257090794691387,0.514018122145832,0.202989576619432,0.417618862907072
8479,0.186924167774727,0.0664872555442877,0.0934019208485221,0.145490188077738,0.160794466554387,0.17290419646533,0.149938977840797,0.231910099966483,0.404071633932775,0.255304971766772,0.268152594624058,0.332009645496518,0.157587868236381,0.0928372418299406,0.219165010862542,0.384039715994722,0.125737150994862,0.511162915179598,0.189722859000843,0.136045053473686,0.328283376819706,0.0994307878015688,0.340278087258936,0.12109798655816,0.073437907060774,0.113293508569933,0.1561609326539,0.135047170586936,0.130541643011785,0.163306016698192,0.0971665711086625,0.328545141913006,0.11248521396739,0.162587743317098,0.103951291520301,0.115884713409641,0.2010019057576,0.271457519976742,0.130849371200142,0.207300754548313,0.388008407945946,0.215864738262394,0.27202111372001,0.218953680475136,0.874303003592337,0.831037163810755,0.872473644974988,0.713238526480833,0.640371812500836,0.28529650833107,0.917199929405692,0.207818193319164,0.326708150486511,0.645450587663325,0.827856471406977,0.689747967292542,0.268780364114557,0.763869482587431,0.815043978701363,0.838780677599925,0.793410365013965,0.670797318303859,0.589930984366084,0.605455609524747,0.869960765299775,0.912393077428556,0.79945202966751,0.877618225160968,0.925257883541641,0.938063332636398,0.799555513628652,0.634031629099198,0.87226508862819,0.938519149435235,0.920418064226698,0.164855289931053,0.861693781428223,0.911321127962813,0.784569373587014,0.293004873622776,0.452993026730862,0.839880315147478,0.872121454391967,1.0,0.816797181449375,0.686650623638546,0.823797564465909,0.940890569722425,0.443548896107966,0.274634696116062,0.176868121674417,0.282018827754198,0.610063376269379,0.461038780088817,0.64660868764282,0.532090313866688,0.466499233119152,0.217608312880887,0.734322847355439,0.889628798550934,0.599057710733912,0.757665277931665,0.391600408170929,0.132614304031477,0.76824807273319,0.394158516762863,0.363598039940817,0.446551650445927,0.719912210958195,0.213637146498288,0.547790576082831,0.293113968457069,0.742053812687817,0.15409248791724,0.447492314767568,0.302931243756826,0.217517210423514,0.374816788403989,0.193552517942945,0.330689981214372
8480,0.201315680822122,0.0424971902586491,0.0923660074488719,0.112847690597257,0.152695718367296,0.136442647849808,0.0682937132595714,0.177866264199619,0.238805072309185,0.162677919488954,0.169187448420525,0.323010590378784,0.133006328904097,0.0478159157778392,0.0889172078869087,0.217343386154669,0.0847841610735404,0.416544548811013,0.1120375338778,0.162901474661128,0.365321770830589,0.114954001502686,0.399379073928273,0.137406255103831,0.0325982021834117,0.0960578132488751,0.0714559582005653,0.0449713945859802,0.0521557222697449,0.198427307892305,0.057295294693418,0.288779227345915,0.0794086810829445,0.0742253908651125,0.04905633817536,0.079554026008575,0.0880011998952124,0.195318346444141,0.0576684121415827,0.124067758817079,0.310501256522144,0.139860897912586,0.148211122488208,0.0853655753369439,0.963251192693588,0.969748975580982,0.705386558478914,0.418133644084704,0.53157562815782,0.189854976882207,0.91344345705862,0.111569265557386,0.203154403702194,0.559611340029495,0.986163301696965,0.599597834967858,0.10413435255737,0.938232224479973,0.780984285217266,0.767171176420587,0.513457930927069,0.354249645624393,0.411818061429441,0.344132229988398,0.637824146660933,0.667315724043662,0.72689983887413,0.679394114657023,0.695769811849402,0.929017991038868,0.720445709797855,0.558390430181309,0.693097801339701,0.868874022671516,0.79755443359415,0.0742338774573094,0.80458456563164,0.95514146970748,0.98050957776532,0.134345711173478,0.206802385826625,0.60552481585501,0.781015242570635,0.816797181449375,1.0,0.655170435060676,0.942791726003338,0.835234549949395,0.223657623827025,0.138322896311003,0.106709166474832,0.118488566933163,0.509616005888531,0.137106683757039,0.207134230679751,0.30220654938041,0.177514383043593,0.0927799383562055,0.490573401171369,0.944724880082156,0.444788393105203,0.686754012893609,0.172876839359628,0.0458677768221491,0.663121022034356,0.228288590173995,0.210532126374333,0.307984790864695,0.503597003679561,0.077079781231649,0.237518491688163,0.130161249092616,0.846030626991476,0.096979087574814,0.2693881434767,0.164419103122178,0.0813415904836033,0.171696195375235,0.0987326798074483,0.118775729153368
8481,0.165768395481185,0.0947708221889956,0.240001738747238,0.148507404482217,0.175087359314005,0.176060885777612,0.171262280607743,0.297833831451295,0.328849720288907,0.427856000267491,0.375965507706042,0.328684436598646,0.1625748553374,0.0828793289354184,0.346652712603542,0.357044170017066,0.136483835535129,0.429142630685712,0.243243792835728,0.135522640929019,0.351529722411747,0.146204005812219,0.350921959974351,0.139698451786177,0.0738048140204176,0.293931184640774,0.265134342767119,0.218083296015316,0.134280561421758,0.15925879805766,0.140825913834449,0.411634216878491,0.134505439778961,0.186225257337623,0.139889713663733,0.288856307966947,0.288696309559612,0.335804398034318,0.164419501444123,0.184874414964802,0.328645429261193,0.174309534483462,0.378497933378843,0.338015092707465,0.662469618204108,0.634565265343553,0.531040768281727,0.308453282656142,0.835625638126751,0.365197599882554,0.712697723496067,0.323722072882251,0.536147595739382,0.856115415574352,0.691520376771926,0.707919657891006,0.26373345998212,0.678489952082244,0.90236017088939,0.791804580610905,0.747376871069593,0.491696886938796,0.760960235832437,0.567057729652578,0.721330997937292,0.716256732832299,0.81784107632628,0.515622506489595,0.697471872470986,0.738682044742815,0.817776980780761,0.464848509711638,0.685508464836551,0.702377926999908,0.769292793976715,0.188334888265032,0.628518206138273,0.682882473693766,0.634490371066136,0.535777527079194,0.687931797147122,0.590858856186718,0.824049626713428,0.686650623638546,0.655170435060676,1.0,0.744243241927202,0.636442715910075,0.667720727797831,0.600681498534823,0.545204499270312,0.60258640389485,0.829028164432907,0.456312771948497,0.493828542462235,0.664805447001455,0.39838464929156,0.60044686601029,0.372693868152548,0.670823369453936,0.742348730298039,0.769590002352364,0.175506808518887,0.0917799924140903,0.498530697222227,0.514901031497717,0.358793656945665,0.773597923794118,0.610607096008933,0.59268397985759,0.590442213356967,0.601704672988415,0.800275284647931,0.312023281206904,0.462685753268401,0.58659243602222,0.538781049075109,0.691672550454144,0.171707248136907,0.542716040524427
8483,0.203796984428677,0.0556115044059441,0.155774039972763,0.11372380068891,0.164430107129203,0.142642091421127,0.0929248909457986,0.209541738843721,0.20820854863688,0.212896324935238,0.194889788037144,0.321733743951741,0.134605654980655,0.0506480567606223,0.117373501339411,0.193771632908585,0.0931439982866371,0.359229727719197,0.150738892192839,0.0891241746574023,0.322248866320116,0.0629401552874414,0.341205112289822,0.0815533013285758,0.035514566728203,0.164124570589738,0.0946525749902728,0.0886092995247754,0.074691016986449,0.127089521411793,0.0554259331961788,0.254898988176103,0.0703603877660593,0.0927927260662559,0.063053793525231,0.152432817527393,0.108698945146792,0.18532035938706,0.0879335162300479,0.1256535524744,0.315132345619875,0.122942872295126,0.187243740982156,0.133347392303898,0.945103052650296,0.936644820682948,0.713020629479917,0.44173484375795,0.574100971823803,0.456485587061051,0.934972736640752,0.394565893043737,0.227700186932935,0.702270244329654,0.942345710996031,0.782772610272763,0.143365456572197,0.92014626108722,0.783462833201886,0.837658602243539,0.551577374451366,0.396697824548313,0.446610641541816,0.36012597751517,0.644461690573542,0.664923020744483,0.758989947944161,0.691508770463045,0.687184913694216,0.902746121481506,0.804698279249036,0.514139398438981,0.697043973759948,0.865955853073795,0.781364408870547,0.077158203663019,0.771487686152914,0.92037156124127,0.935808036603839,0.193119594836943,0.239244247859368,0.62725857582817,0.759454204858558,0.823797564465909,0.942791726003338,0.744243241927202,1.0,0.797861823564039,0.268628885929237,0.191295018565509,0.183877789729955,0.153315648752375,0.52451917661985,0.14766859063063,0.302944363118037,0.292668892719012,0.148325354631187,0.142446185149849,0.519745485421914,0.923469515237102,0.672194131598869,0.710870594881468,0.218921262977519,0.0563894508003374,0.673371560154405,0.232078172374701,0.222989040852168,0.359326374659571,0.52988933983518,0.115777011643151,0.236947888921398,0.195862474252173,0.845853499403053,0.156503926628549,0.279910815988339,0.271074103002607,0.287565024619007,0.237120815678098,0.113368248407446,0.166491769477681
8486,0.174573705102323,0.0595718954616275,0.0596066160460639,0.14495209159036,0.15722890197444,0.165829192474898,0.125527973554265,0.25027433191116,0.427771443265674,0.221450575994114,0.241980838117335,0.399436228066021,0.247510237774677,0.0954080317495663,0.180700972968665,0.386413687223164,0.139061653557704,0.454283394431322,0.1999459115538,0.132023401896473,0.350399450799997,0.121743538402756,0.326509608574522,0.10336347048198,0.075740424408743,0.0628100939303245,0.139573327732952,0.0938430584241266,0.101991030584405,0.163226824735583,0.08708818550561,0.331398709591712,0.103993720613935,0.149604829973698,0.0975032248520566,0.0787837825828901,0.145147856496151,0.236613242332748,0.117696017417161,0.206738438853404,0.369612161888603,0.205931866288686,0.191785942486419,0.167400336284386,0.864691383438242,0.810380962739024,0.776079906581228,0.599009787738309,0.571700684186939,0.208565722848924,0.861227550043741,0.121412277196893,0.318941637151385,0.555370816426659,0.840154148365553,0.602162404720049,0.181018724643926,0.796429827869736,0.804634172962619,0.768320834724379,0.684848792918413,0.53677401476107,0.497896635673642,0.482583900896041,0.803846901868629,0.84617379903218,0.758771701664903,0.80859339417244,0.897448252152064,0.914853945267445,0.727545148000238,0.636185161685289,0.875160226609232,0.87011656729144,0.86199404551836,0.167842744320517,0.907882700242726,0.885231536733242,0.797414947210761,0.247599335469102,0.404223692617786,0.736987507844766,0.869155986476609,0.940890569722425,0.835234549949395,0.636442715910075,0.797861823564039,1.0,0.386222945761342,0.188050350137334,0.131215456701937,0.259656149390678,0.58349936985725,0.445123294928841,0.565458892028393,0.503857144246151,0.442296860782264,0.154745582257932,0.618794018415384,0.863958510229324,0.510440623156192,0.695151999174956,0.413544667965186,0.111405993564284,0.717801278361025,0.318032472379378,0.249676061312912,0.385824318684194,0.566965802348601,0.173932419021724,0.505685153141015,0.251538614655799,0.73860055239937,0.124307785281136,0.430312964643745,0.242576085798233,0.129451713045957,0.288034258330497,0.19689261607487,0.260914348530986
8517,0.0901083455999995,0.0842429682422201,0.0531071362451121,0.133177000084395,0.108191690598981,0.155350961962902,0.157859218665675,0.174056679609583,0.462976869559776,0.330752462622612,0.320261810387654,0.221992099130155,0.115963555963498,0.0901477530834701,0.423835636037249,0.471437534442421,0.138020104320355,0.409351392877777,0.199776126464592,0.193776818853771,0.245934560904022,0.187230551894322,0.252398788491924,0.18997801376136,0.0825968848253284,0.122584445533017,0.30118043110859,0.209813925570944,0.193434666284641,0.180349379771658,0.172107354831082,0.409013930101257,0.179880030788701,0.231724544467157,0.160162038982024,0.132157015849801,0.309470002101431,0.35999498799449,0.164180597838744,0.21494737891238,0.277328656488526,0.273249743072973,0.309020920570886,0.231341100237582,0.237427192239119,0.176905703497136,0.239546635658556,0.16298550603384,0.653232760044999,0.213983200016377,0.300719610146329,0.172847767449681,0.573760203633201,0.584716476554569,0.277025700849808,0.409714420634755,0.324400412691258,0.215177985728269,0.648479286069338,0.507519853600708,0.627129608879823,0.444110828490391,0.662747513162745,0.58329062167713,0.593637092847156,0.611379663836167,0.62247154971413,0.246798095040669,0.561212566984321,0.381404686654428,0.567059251709997,0.387993177325324,0.515532145028318,0.35423318561413,0.55480292695223,0.25579507909176,0.378056687794874,0.308733887094645,0.173232200480648,0.826768631107299,0.828687045125293,0.442380203489736,0.620623312088521,0.443548896107966,0.223657623827025,0.667720727797831,0.268628885929237,0.386222945761342,1.0,0.67656162819732,0.457549133162923,0.70403519359357,0.7990755081109,0.714270114022459,0.594846454545143,0.829103497446973,0.718583471807467,0.706367132249998,0.131210430798372,0.224628312088273,0.48109202101269,0.483478727501609,0.0840649588160274,0.104872880925908,0.209980313703234,0.538825631202408,0.376344251775958,0.793627475907461,0.519390105719682,0.797264030797041,0.844903063161918,0.713329796924826,0.414059547115261,0.186027578876012,0.461224592609657,0.502718487032699,0.431538652003085,0.740436578448393,0.199417683169526,0.614373138558534
8518,0.119649482372448,0.146105247866826,0.367512113296495,0.118646452457868,0.137839884510469,0.1790704599406,0.211272972470333,0.275954064094601,0.282582799079942,0.34524208991831,0.346199434534836,0.178443400246623,0.0723808364482001,0.0754905652078078,0.483647495635153,0.39606356248746,0.107127310145386,0.293024763176417,0.33203641282552,0.215574493735616,0.278876273655172,0.171622962469231,0.261376307273257,0.154750610313459,0.0710712119011887,0.557677153028318,0.285231137346177,0.21763203717967,0.170711338061576,0.116381589180289,0.152439452461021,0.35810174047072,0.13909533510388,0.1756184787298,0.149965051493624,0.379649959729394,0.415628957392178,0.55802144564745,0.159610180624336,0.182526341698698,0.296276658920198,0.395431151594985,0.559395328464412,0.211406619505824,0.128998006329291,0.0938313435726963,0.162779345513003,0.0973956098865239,0.638868762401978,0.0624006429486116,0.238536804238483,0.0612621448810899,0.479673279844938,0.615295107998493,0.169249671925047,0.247597626837641,0.563505103254179,0.269672819849735,0.554502918817623,0.453624669049582,0.555232459002403,0.402671825855521,0.590702324965834,0.513862568678087,0.543698065910778,0.433103998390349,0.617473935521593,0.177160731000653,0.390115377709382,0.268478070092487,0.586203459593808,0.228358919793419,0.370066995856572,0.23086700643277,0.41955832773172,0.169084796335074,0.23050516854021,0.20692384001892,0.0888155566751618,0.554160989672863,0.674354608967746,0.323731865014539,0.468157185982262,0.274634696116062,0.138322896311003,0.600681498534823,0.191295018565509,0.188050350137334,0.67656162819732,1.0,0.671200554490506,0.614108410186261,0.742281258194999,0.471367100200712,0.429284043353346,0.622361155700675,0.4586862392224,0.647530594862248,0.137840508346275,0.182386438876367,0.417361003028961,0.427031443857658,0.0530584652233807,0.0809091870061665,0.186033686627992,0.512036749962197,0.333567183204461,0.690602472112085,0.426889058773796,0.654831902475477,0.704800518040979,0.723999474859067,0.418886810719534,0.345529550353698,0.343814538246416,0.581172463763078,0.402718384622288,0.89335346951656,0.140568262083472,0.793638121044075
8529,0.0433375484365541,0.118994554521002,0.802781699793731,0.100825696562188,0.200529370442016,0.0792196737200111,0.194337252523605,0.419495663502544,0.212374583298398,0.374116249040067,0.251611860883512,0.0867425006529175,0.0385462674471157,0.0318822780055751,0.168192328276381,0.199824582907522,0.0544021834794699,0.136251482681572,0.410731282175259,0.071969932207058,0.369448916909728,0.191360404998859,0.263957674280244,0.0874510510919055,0.0391179194262788,0.827254964439413,0.204717570812878,0.175654968003151,0.106006464877311,0.0725955527142917,0.0990247623064266,0.358905399323289,0.100522379943477,0.145973029340461,0.146231703795728,0.733931961315452,0.135216990000824,0.349835965479053,0.194036464170521,0.189518410530111,0.24938133120212,0.12097223525643,0.741978692552776,0.187002275791391,0.0865044092496853,0.054399331625309,0.120125120841721,0.0623478969792382,0.524408567044267,0.0418120568106164,0.177081070332295,0.0598415731240865,0.39602449833866,0.538338685791548,0.105016943617041,0.179571704739866,0.168155438566989,0.249351390217886,0.399944615849805,0.21413127107823,0.366128664533272,0.247823759097385,0.418785476885862,0.26558236861463,0.312344462565732,0.296651349906954,0.336615234692162,0.128702722590984,0.274597545649718,0.184456144624401,0.349305928791174,0.147504460059471,0.271788745818858,0.141409957770228,0.263470311325122,0.111241971125527,0.120211926858666,0.129466368612358,0.0435040736547467,0.426097138902837,0.494312807081073,0.191676307486814,0.39349436662257,0.176868121674417,0.106709166474832,0.545204499270312,0.183877789729955,0.131215456701937,0.457549133162923,0.671200554490506,1.0,0.544428150856196,0.469398067816987,0.354071618524521,0.310445177183752,0.43176677030608,0.267817946472773,0.47917187454783,0.172160346830049,0.178953561073227,0.412185454902608,0.307712622547487,0.0420150697796543,0.0476927143310244,0.130451663616917,0.344914606301585,0.122431739196586,0.5326829677009,0.194103316158519,0.500998511614334,0.380958123318676,0.904480720304463,0.417366118293028,0.543338900084527,0.234050736691291,0.5387426252302,0.286852247865378,0.550777685381893,0.0758829227574951,0.435538323021747
8534,0.0457947786814351,0.0660354510137477,0.12661728610123,0.133397018268318,0.0966335974149393,0.11854689292283,0.197972122998652,0.169165075874356,0.511098947760214,0.273858915554985,0.271851595659522,0.139565647872098,0.0700807601489546,0.0630565910471799,0.344701212168606,0.634598458055511,0.11190961091323,0.391473929571906,0.178264977632181,0.141287168719598,0.209442801732855,0.176318625373164,0.197581715855511,0.153971796612229,0.0842463877268931,0.165955799520746,0.298917524239456,0.200989420287228,0.141549796919645,0.125627023654722,0.137708159089252,0.458094861528266,0.119851727673295,0.208705928216051,0.148087753153961,0.171015784744942,0.189322942183402,0.265839443961167,0.125834575383755,0.205273655190636,0.433567483864931,0.535920343773391,0.299280359979446,0.159525538675513,0.120423078948739,0.0753437204991596,0.15501787078279,0.101439936079112,0.685673339500799,0.0782142173645501,0.190917742020897,0.0576995063105608,0.603050468790886,0.65918678553223,0.155561183588945,0.259328376507554,0.211552425369758,0.138222780112962,0.571973359146424,0.302329455961056,0.557493288650491,0.379899290835272,0.617895724360954,0.440250278270968,0.491072535434859,0.445522646469585,0.490943139843874,0.165336608299948,0.433310297208069,0.271071104803817,0.457351685929776,0.555881013297816,0.364045697775137,0.23552030760402,0.387132531493595,0.208062019600412,0.254523870180035,0.160490409737135,0.0720497436259196,0.589408069277926,0.799500062793869,0.302659052935255,0.53723304295851,0.282018827754198,0.118488566933163,0.60258640389485,0.153315648752375,0.259656149390678,0.70403519359357,0.614108410186261,0.544428150856196,1.0,0.776555082004736,0.62160993958427,0.502457800136944,0.832020092623648,0.57396278892998,0.864841917841598,0.0836234675102006,0.13330468491103,0.386078836328401,0.441735860438772,0.064460729251471,0.125138171248954,0.195972874378656,0.454450088490629,0.219644965121941,0.828469682406266,0.338138721857664,0.821980413950364,0.711708019070186,0.664664587697167,0.377642065979394,0.204356138346912,0.373853146066929,0.505674651178575,0.380037641286702,0.65476170070577,0.171187471544298,0.557798672924021
8536,0.149120208989815,0.0948488904588261,0.0860112218149804,0.152822140197059,0.143192980659347,0.186515942127718,0.169847109978815,0.223343621363077,0.478285848012305,0.337160224555021,0.356098564850382,0.298033629313531,0.142725172917666,0.113896499547644,0.41070729275194,0.520092527006563,0.155502579999015,0.461877862468219,0.225684678839405,0.196490897245433,0.298021899443213,0.153698177288746,0.309395751518223,0.156771177590553,0.106284488605812,0.189454706065598,0.335018915120382,0.220308672709437,0.182492303313067,0.174055058911223,0.155366666823115,0.429877156536918,0.151017468782586,0.211239296950023,0.14631040314735,0.148802611881212,0.314270972693648,0.398304194442998,0.158782255449758,0.243913023808514,0.380999513602097,0.353506536261959,0.323163822298354,0.219483992171661,0.498626952763324,0.45240392107937,0.424293370095303,0.262206889940681,0.833047145606483,0.179142143251391,0.552252975861352,0.116315459699339,0.627926670893032,0.758495889261664,0.547981949843058,0.512725455689072,0.391512321702337,0.511695255068555,0.871128634420483,0.67612655256122,0.751852185879271,0.532928038750363,0.763976328658054,0.61848062402689,0.767726299188987,0.717173586241621,0.804250067601679,0.42689515919067,0.707868085414462,0.636408379034287,0.760081826648137,0.524094348136645,0.670888252683697,0.586554098799449,0.725414243717076,0.24337842093129,0.593348520365732,0.547509396007289,0.457867103692933,0.637517209483394,0.8067479463239,0.570551194679363,0.809680367812202,0.610063376269379,0.509616005888531,0.829028164432907,0.52451917661985,0.58349936985725,0.7990755081109,0.742281258194999,0.469398067816987,0.776555082004736,1.0,0.606033998140015,0.538593058010849,0.831569608834457,0.616091706188402,0.707935893413882,0.253610044809468,0.495954021318062,0.540287080504837,0.690420380302159,0.137851591928143,0.105985485227643,0.411416621209977,0.52343930541254,0.352864914621228,0.849484577619744,0.580613598281584,0.718387295284964,0.781298164617057,0.623081850862617,0.691265841412491,0.224414676229327,0.480982050229168,0.546638127215487,0.435116966578708,0.76784176147181,0.205058486561487,0.651311798061947
8537,0.0500455780623547,0.0530537036937072,0.0557527160804672,0.10091858061843,0.0828900315734338,0.137060180347854,0.170889908987665,0.181868205122466,0.382358107811069,0.184948047557418,0.215869530818839,0.125697940083028,0.0767640470684071,0.0634489748415962,0.213553822084805,0.35979752115449,0.0857849622323782,0.337589825355371,0.13569887086709,0.134413074501137,0.181012525153349,0.137860691948796,0.17457406502215,0.128517293383105,0.0884768993535041,0.0730118015814672,0.218999973917015,0.139631878950631,0.130163010155428,0.139561868537138,0.105360338250811,0.286731932712701,0.115540506326607,0.17774423600972,0.110437733996068,0.0799331771027313,0.15966703444412,0.221942130391938,0.115564035061332,0.178833313506457,0.246517638398478,0.194639212117438,0.226705911449882,0.126190981804233,0.137643743567677,0.0881316023367943,0.155693739115538,0.113644669178729,0.466832824933014,0.0919026248337544,0.185435164157033,0.0591759360285037,0.442691557457746,0.420096174156352,0.170011310249969,0.227988741311428,0.186783968404894,0.118195375249058,0.465278737481481,0.316669537560102,0.519133391471071,0.327575990111369,0.518766119724573,0.451064658104054,0.437074363112466,0.490060085629289,0.426237581834677,0.201962259986715,0.475098672515644,0.276070641891766,0.402632842524165,0.344164839489163,0.421984801091785,0.228769989966443,0.425865887757185,0.20000830184804,0.470412461815587,0.245673058556595,0.107040013212992,0.699697519705454,0.815872071241493,0.352407810923917,0.613012309900393,0.461038780088817,0.137106683757039,0.456312771948497,0.14766859063063,0.445123294928841,0.714270114022459,0.471367100200712,0.354071618524521,0.62160993958427,0.606033998140015,1.0,0.845190631883627,0.751431043011852,0.665095315494817,0.480785822798184,0.0803731860741612,0.138388890426626,0.309980772570744,0.33094295471549,0.0841514102883461,0.0808731635138764,0.132520867283753,0.390978509479519,0.27860884130482,0.595847226718629,0.357048281438356,0.618776544633799,0.8146137202687,0.609584984502789,0.27744631968812,0.113929610764965,0.296410745495513,0.336387756566269,0.261052044873301,0.499151721738239,0.184990599339449,0.385949766029168
8538,0.0810429754512138,0.0674331573473752,0.130736410718039,0.124472941043869,0.111163933836061,0.157237889517083,0.208059601431699,0.234775711010564,0.426428020760501,0.225481954253619,0.292416169829119,0.157144091127875,0.0989726844757601,0.0840066040497872,0.243497672827724,0.430276791908217,0.106368743942497,0.40066908848599,0.204157973393316,0.142203284771465,0.218179120450603,0.135265590013109,0.210094260499119,0.154643294480904,0.0954241426661595,0.173206049416142,0.199229550602319,0.175417898338368,0.138950610014739,0.132868735893969,0.111695837534779,0.299349927032617,0.125475447395172,0.174998916271381,0.128842220045282,0.150596411426619,0.205818902481469,0.303367365752787,0.153183807025374,0.221285561468253,0.317678152592949,0.240571696509832,0.333082427031835,0.214865270301562,0.269102962983825,0.192967952938812,0.409166451816973,0.403653524055943,0.448108637506856,0.379407118031794,0.380017922099246,0.341371143292846,0.392428051411704,0.524955711582329,0.22933103326687,0.502286882105738,0.277332005246477,0.187145152523895,0.478174769807836,0.49196314452465,0.642423581369534,0.506446381207,0.504892209080304,0.542599681323726,0.603164539443228,0.639870289756698,0.497446711248199,0.434995606080698,0.624062854178285,0.403246643958769,0.522342683200464,0.411945902741043,0.54976251476583,0.415712697280432,0.557347067220345,0.208112149261579,0.52885564395113,0.350024292153823,0.157401417158499,0.490822348285217,0.667600634424536,0.554223786201177,0.644616347306529,0.64660868764282,0.207134230679751,0.493828542462235,0.302944363118037,0.565458892028393,0.594846454545143,0.429284043353346,0.310445177183752,0.502457800136944,0.538593058010849,0.845190631883627,1.0,0.667396997514634,0.652748711482353,0.345809310762024,0.373830706196715,0.28461981815742,0.576791956591454,0.403996968801051,0.239944709931186,0.125306140104116,0.345006365287596,0.444476299825829,0.360500589493748,0.486006579336467,0.471298784725468,0.414480798389893,0.758531178197334,0.516212114395219,0.29878477018407,0.187652365426717,0.353381775169914,0.377502830540741,0.388136622630641,0.488175012326754,0.224748862019677,0.412725162112541
8542,0.0697393647538278,0.0492313367729918,0.0472907048510897,0.130964567691087,0.0956888404496657,0.13458436032415,0.139634260816513,0.158687341400777,0.543339228779575,0.224273337687154,0.244742093541951,0.213805232162949,0.142015842743641,0.115072648365769,0.271378903740136,0.511426046226944,0.146818514369715,0.581705842955561,0.187538139154568,0.229358998456318,0.298532768449695,0.234468890474983,0.302116350483851,0.230823527020996,0.0901735647019125,0.0768766500947906,0.300898082158969,0.178954965790193,0.154939361836232,0.224189531355328,0.142422896654896,0.433569958580084,0.152164714066777,0.177506967225407,0.136873767624205,0.0764846365243653,0.258360379724607,0.307858282482309,0.134911726714137,0.259265723471007,0.336102376758589,0.285416196189666,0.416096374640488,0.134857077887986,0.282913634938072,0.241450926659481,0.288997438209016,0.192739060785372,0.679426119010521,0.128792322504738,0.336554210102405,0.0710873314129665,0.621713833443936,0.578222379143799,0.334071315019129,0.356177222636388,0.211762919733052,0.249628729517428,0.731907799805215,0.517675218327694,0.697364774422689,0.47463341426961,0.754320803988631,0.749327065365654,0.668268655742794,0.693096188532753,0.606720637966283,0.316770383388349,0.667308383749191,0.466467498623538,0.541385333203034,0.493737806846016,0.55405660445607,0.430194887198296,0.660365338000508,0.246686893682999,0.545562777664092,0.378770263729448,0.255091036029849,0.629729923342988,0.895279309632732,0.501020426956905,0.759928059418531,0.532090313866688,0.30220654938041,0.664805447001455,0.292668892719012,0.503857144246151,0.829103497446973,0.622361155700675,0.43176677030608,0.832020092623648,0.831569608834457,0.751431043011852,0.667396997514634,1.0,0.828665360639956,0.68484240370477,0.167649473508452,0.279419916626929,0.455167173664776,0.514488492565677,0.0855359651640793,0.0962130388171932,0.252258876091447,0.587301776022795,0.490545621104634,0.808879678174302,0.617459829477479,0.770151565159522,0.870758329178604,0.631398084143513,0.453888901440965,0.133571124041571,0.42003827310443,0.429548222628462,0.301201457624488,0.627509066931973,0.227506790732178,0.521107104717534
8543,0.0459979613776896,0.0518337591218092,0.0437163965218124,0.136502207776953,0.0807928073687993,0.121414950974172,0.141681254134151,0.145036125360286,0.649874261453632,0.196011112294147,0.251829426087043,0.162290546590929,0.0924473547187224,0.141838520139681,0.266903551250356,0.5878830865257,0.131917690719268,0.597698661499231,0.185978080868245,0.166111333096927,0.218719814808035,0.141630283479057,0.202056612868231,0.140162074665234,0.0830681490838421,0.0743234660719209,0.221580254248617,0.0876543804599485,0.141715106228832,0.153759454192275,0.122754500845712,0.326619236811252,0.13227124597976,0.18852095506967,0.134209300700542,0.0676518018824105,0.283753324100944,0.282512727471131,0.140087187866953,0.298484662900832,0.293031354063299,0.297416544773147,0.488133146444522,0.115299609394125,0.161972200474443,0.109698688255804,0.206952843511633,0.167634328684932,0.322341388421017,0.128595255644775,0.197536578645205,0.058154631179361,0.446322792821527,0.265746087494866,0.206101566918018,0.251569082999153,0.223764328242951,0.108367472753491,0.515717262262141,0.483185564765763,0.514259230015066,0.35809538413529,0.545763073744641,0.782938602581646,0.553724187838711,0.643880303963009,0.415177755627901,0.244654329457937,0.607493884366811,0.339335168708215,0.30540003631439,0.486196791364059,0.503317169409143,0.321192852767738,0.607853079251868,0.253045807198474,0.493326013373672,0.2947059871972,0.120241389546928,0.516282959666305,0.613672133862592,0.446648910187011,0.587362075606998,0.466499233119152,0.177514383043593,0.39838464929156,0.148325354631187,0.442296860782264,0.718583471807467,0.4586862392224,0.267817946472773,0.57396278892998,0.616091706188402,0.665095315494817,0.652748711482353,0.828665360639956,1.0,0.287952729608482,0.11706937611555,0.158831754051657,0.365053616384035,0.246756087778298,0.0696164629499463,0.0891389131970268,0.165753985059679,0.536234217345489,0.549080508202224,0.441354531014448,0.580052110437487,0.446447393015762,0.815341197156727,0.528798322790283,0.241243042779737,0.0935958165235145,0.420424416382091,0.253862280469963,0.139248324338415,0.482345487432408,0.248092363522498,0.397804390477231
8544,0.0647011549176447,0.0596459867203915,0.0399320144552711,0.0910272287532101,0.0701981081058342,0.11272138978042,0.140119564000127,0.107903676523334,0.276849584469194,0.246590346381378,0.230567099749862,0.127780119395407,0.0649574157505655,0.176883538721646,0.340551157388242,0.394753288894192,0.0847441892377835,0.272488925038331,0.162563612914837,0.155781727160618,0.170240716865162,0.19083429438493,0.188648170668241,0.187672897897377,0.0697915124270463,0.103925223361607,0.289175930269579,0.245501664780554,0.139748527286247,0.128426435852101,0.133453963651458,0.372723253048371,0.110090516805892,0.158229138583679,0.116841797775715,0.115488314959296,0.201529243502675,0.263495416465428,0.171738979345085,0.240301198000378,0.289365297221727,0.374320928590887,0.152456593116185,0.171969713437446,0.104835504667673,0.076303575405226,0.130257826794986,0.0770918354802881,0.727991390144004,0.0521727393032577,0.180648944991561,0.0468560506679578,0.567777594263371,0.660656691477116,0.136728515837189,0.235339688499744,0.299090692357066,0.127044140801428,0.534156932145674,0.256583229313888,0.52952288470522,0.428469670195791,0.611275311476801,0.341631141433746,0.435525531978165,0.340138721611139,0.540926371612582,0.127401152347515,0.32542034644074,0.228968460237468,0.49728756492259,0.328861863824576,0.27930987460126,0.208521058107972,0.302471617542106,0.155419699775976,0.157296312853861,0.116181431649074,0.066458269491315,0.579389613293569,0.776870496356487,0.298818272557367,0.458558647812116,0.217608312880887,0.0927799383562055,0.60044686601029,0.142446185149849,0.154745582257932,0.706367132249998,0.647530594862248,0.47917187454783,0.864841917841598,0.707935893413882,0.480785822798184,0.345809310762024,0.68484240370477,0.287952729608482,1.0,0.064816325710537,0.103537137941873,0.320889316437244,0.469865417154273,0.0469700884454461,0.0875944774426327,0.156909717973409,0.398296851679342,0.180964460712099,0.890711189884809,0.30181984303811,0.862986779283346,0.614147806443129,0.572435717203953,0.357732177330729,0.162826575547253,0.279204813076125,0.511853221787636,0.423172903954437,0.679767845054819,0.12591684304214,0.562661642133148
8609,0.108406475254732,0.04479833010526,0.176436136795729,0.0676527350699152,0.101947801532925,0.0771607961028271,0.0804647262432905,0.167951483052579,0.129693416448353,0.14739647310828,0.118907233356893,0.202025994193995,0.112403325051025,0.0444259903203393,0.0660052057518839,0.117443434883149,0.0563437796273485,0.221994212707359,0.165768911277091,0.049191416291759,0.207330660239592,0.0696006036084684,0.198024417754411,0.0617214861552413,0.0289584679442638,0.178761320966905,0.0657471613248561,0.130799482001394,0.047710736991833,0.0659616109478754,0.038397066612412,0.167884021797725,0.0468213483310834,0.0604411350938466,0.0505291029394056,0.172501836944266,0.0851845196077963,0.170417649782,0.0827084009663781,0.10534103619394,0.195088857549852,0.0692263627397758,0.208257605984848,0.23662175201861,0.628620404413225,0.58460628180793,0.944294141624117,0.962503739772617,0.527371207107287,0.105187132214016,0.758138937823355,0.0695102827976068,0.137156967553042,0.458440885995792,0.481097517695852,0.47085884859992,0.21315560330042,0.474432842920968,0.464484818127122,0.491075419469351,0.687144197309471,0.764491839009395,0.359931042799493,0.361245112127327,0.744312065301716,0.719453362683026,0.455007090264445,0.914511689678475,0.722168269050649,0.696820216937659,0.623169530703264,0.329713969603381,0.657025623838658,0.792720661321135,0.631161101189415,0.0462119972617853,0.410315481888157,0.637865865901183,0.452497522939021,0.120197371542982,0.171721778445828,0.74019264156513,0.460009545224478,0.734322847355439,0.490573401171369,0.372693868152548,0.519745485421914,0.618794018415384,0.131210430798372,0.137840508346275,0.172160346830049,0.0836234675102006,0.253610044809468,0.0803731860741612,0.373830706196715,0.167649473508452,0.11706937611555,0.064816325710537,1.0,0.719390666027438,0.364530692581255,0.627672823090039,0.539183626135422,0.13271435231751,0.755160251293547,0.209573236626596,0.171233183084013,0.233371481125356,0.56198943405837,0.0518022079583916,0.167055971436635,0.165826126175015,0.443756050949183,0.163334435214732,0.302735359034449,0.204366070335209,0.0694654122540773,0.194199745524653,0.0695386518039914,0.2302886046355
8707,0.19648503938466,0.0592382740682064,0.164534971378574,0.114846447072995,0.160984698609714,0.139783872922611,0.0864376240135197,0.212615086894622,0.218041926943141,0.230583645273212,0.191616000346771,0.332847804579597,0.132193255699413,0.0488157211140667,0.134214036805718,0.205621866638447,0.0903042954360418,0.361867587599087,0.159059887053498,0.089347376333765,0.329958915524715,0.0623933900846479,0.338406204524319,0.0761781233401793,0.0368227818297065,0.167166799160183,0.0829460846930754,0.0748533500630155,0.0608146272126089,0.127754782239707,0.059108960828805,0.257746144813259,0.0652368541257775,0.101181688766571,0.0635586682296193,0.16276139364942,0.122380949979873,0.197887887266558,0.0775511893027012,0.128844162092732,0.306477700651655,0.124945480812417,0.19542024512051,0.165616636093221,0.972512937497111,0.960135806566015,0.871895991531,0.650694965194383,0.608809825928076,0.181725659786106,0.975972499044763,0.111650335971426,0.209074834168774,0.6063877499609,0.940747894863174,0.63187622445275,0.168127224340089,0.918540629047469,0.786362574117104,0.791362518677538,0.642508801659593,0.533625212403286,0.462571960994792,0.386930335729387,0.750614734568147,0.770911963004322,0.744694319875149,0.85480429203657,0.797458238301058,0.968146014100905,0.783172639042993,0.536989648044776,0.787996772839205,0.949873886571323,0.840973085223314,0.0709574569836796,0.781189856074529,0.972162196834892,0.926906079837431,0.164231618440304,0.226006907660109,0.71779525775155,0.767411777773703,0.889628798550934,0.944724880082156,0.670823369453936,0.923469515237102,0.863958510229324,0.224628312088273,0.182386438876367,0.178953561073227,0.13330468491103,0.495954021318062,0.138388890426626,0.28461981815742,0.279419916626929,0.158831754051657,0.103537137941873,0.719390666027438,1.0,0.488591419734928,0.75987414385893,0.352388987048123,0.0827715144940007,0.781519486638619,0.235541290717491,0.20539356220949,0.329432373068186,0.583397451029634,0.0902901087705912,0.241182552101307,0.190610481938736,0.828687434685643,0.155392609878686,0.346524254215111,0.229971297610201,0.107366165119727,0.245202976997344,0.102135036688858,0.207012747694236
8708,0.113671973108458,0.0780498756713882,0.281898815354895,0.119870425592746,0.148078023384575,0.129537012007808,0.162097555339421,0.266891142462926,0.31187004584489,0.311080205622274,0.278881149594151,0.239272223272938,0.128848254656467,0.0881818830829914,0.239145501309837,0.319247883058543,0.108328393657309,0.406972285231335,0.278272790577872,0.163089993056303,0.362568467104565,0.181419906054037,0.327348287976216,0.154650734187809,0.0606479497123852,0.324392940201361,0.169858859564857,0.129171599582556,0.10410489993686,0.171366587293958,0.113759622467636,0.364172910738575,0.116863496755102,0.138699178584796,0.112340349121012,0.289521498291824,0.216635241099138,0.308407231495616,0.143458786997654,0.20166243865505,0.2887392996216,0.188735934848234,0.433892189371799,0.203841622779287,0.491385029342417,0.43605289337851,0.454237062918293,0.334448351105802,0.507983215533747,0.836415909695745,0.59650302615513,0.81066369745177,0.354913402343505,0.780289880449139,0.459795093420323,0.914225702044679,0.2145872434828,0.489995852017722,0.618205396756508,0.749496378565766,0.563691919525956,0.399988661957566,0.498268187490402,0.484815449408849,0.566521620520897,0.57663895243721,0.625108568430075,0.464115641972111,0.571716869659069,0.535826306771569,0.69916226897106,0.383849563143199,0.561526381031313,0.545437977731137,0.584202744141026,0.144141802056339,0.503634651840231,0.493280868608353,0.417166515644808,0.353589438409056,0.41225278821643,0.472838922472119,0.565996635687829,0.599057710733912,0.444788393105203,0.742348730298039,0.672194131598869,0.510440623156192,0.48109202101269,0.417361003028961,0.412185454902608,0.386078836328401,0.540287080504837,0.309980772570744,0.576791956591454,0.455167173664776,0.365053616384035,0.320889316437244,0.364530692581255,0.488591419734928,1.0,0.499951164736551,0.245339407601798,0.0857053360022395,0.424641306403753,0.402811055787836,0.326385905444544,0.43887213799253,0.48634780129258,0.303211019938223,0.437971813506331,0.460843733109314,0.517939900110519,0.268005258203715,0.335026940346424,0.481128365588393,0.642882365441192,0.473958811080334,0.188358223681799,0.360275514976798
8716,0.165611393454477,0.0606966658336464,0.073840505094072,0.108209259897031,0.130487076575337,0.135735023775147,0.10179015987079,0.191417743630001,0.225359426537336,0.266452577426048,0.25137183523425,0.340498481817237,0.169669696667794,0.0672551848507058,0.21317605297415,0.236117736157967,0.169957827754247,0.335926326973696,0.152745347092422,0.106871445626948,0.25420824031889,0.090328192304778,0.283606337342524,0.102892840175793,0.047741607058953,0.116385745506992,0.348614546822814,0.189543109545219,0.094647080449599,0.124642364575332,0.0832203883498615,0.295108104202508,0.0897944134589026,0.117447166163169,0.0802167102692735,0.117714187163719,0.188794105430206,0.249079140490761,0.366055079616958,0.169851879986753,0.27806343902446,0.149553955493293,0.167499614591885,0.226183310892404,0.779468124068519,0.717210846372411,0.764934888277724,0.642070759529595,0.828499757365257,0.169826200825332,0.806148425695821,0.118164492220267,0.712308351766185,0.749749611763113,0.70550921965576,0.585146777751966,0.235246429985787,0.6656338529323,0.816146718400824,0.68270159833259,0.781807498651193,0.673962493531901,0.663575287854077,0.476377193319729,0.798750547896048,0.758083572994166,0.744187442709425,0.722894571287812,0.773814548718615,0.812592015069002,0.82351924189255,0.451121306311714,0.704800448581664,0.816330290797145,0.758421914025464,0.127593048535227,0.603170458800936,0.743458448268119,0.662760943249288,0.413344037449408,0.557005185814579,0.711146810247045,0.759350837854561,0.757665277931665,0.686754012893609,0.769590002352364,0.710870594881468,0.695151999174956,0.483478727501609,0.427031443857658,0.307712622547487,0.441735860438772,0.690420380302159,0.33094295471549,0.403996968801051,0.514488492565677,0.246756087778298,0.469865417154273,0.627672823090039,0.75987414385893,0.499951164736551,1.0,0.412409423957691,0.506284362685531,0.846157123872971,0.344736726519811,0.244862077296166,0.65325969700076,0.625350557874504,0.440002306286084,0.432517272167049,0.366910415917488,0.738603910485971,0.171709969175867,0.502065888625947,0.487622444678993,0.30715056354072,0.487519167644564,0.504881829916006,0.481544570645707
8902,0.0497868020512864,0.0221182676293739,0.0299457465936503,0.0402083900310559,0.0410759352399252,0.0424425073299448,0.0438936642602815,0.0683766680101125,0.0731538353498359,0.0901717201418484,0.0892987759768541,0.134352982139342,0.0522059161596033,0.0495061659584417,0.0573892170837344,0.0743683643672162,0.0447644652259441,0.106398140625054,0.282642638077247,0.0315962277165236,0.214181880144554,0.0299133604729579,0.0851740375007751,0.0375833923759149,0.0208707391980009,0.0445050249834341,0.138236910936788,0.103067669761879,0.0349295867207496,0.0350857316216793,0.031847444856395,0.145882594895529,0.030074548642805,0.0398297899342204,0.0299088173150776,0.0486054788227486,0.0549254355465015,0.108064010524057,0.207477343759888,0.0829523765509229,0.0918780643534143,0.0472626728180879,0.0484038332205105,0.141162939674112,0.326725740810865,0.229250781260712,0.480126450298254,0.581168425580476,0.246390816322233,0.0492558425310063,0.352495225391782,0.0287904263801373,0.266566722067409,0.225070042199696,0.169991599934092,0.2211701965326,0.129561162397453,0.333668230897137,0.303510021370452,0.261909163472099,0.370683927940322,0.426256690892676,0.177708234557162,0.177982497071486,0.459812157637047,0.375292242147976,0.370545811175012,0.633426512986888,0.513263987889502,0.356623911814253,0.336930919016595,0.151959469141734,0.628032462776896,0.387920633979211,0.293411459406921,0.0427467507181452,0.419786313310806,0.270307437613667,0.179686071600549,0.0757320900500302,0.118607954583731,0.393129403538222,0.199370104926482,0.391600408170929,0.172876839359628,0.175506808518887,0.218921262977519,0.413544667965186,0.0840649588160274,0.0530584652233807,0.0420150697796543,0.064460729251471,0.137851591928143,0.0841514102883461,0.239944709931186,0.0855359651640793,0.0696164629499463,0.0469700884454461,0.539183626135422,0.352388987048123,0.245339407601798,0.412409423957691,1.0,0.342427736224553,0.630052707956598,0.116772849293824,0.0727657327490704,0.118218326085476,0.264654484933222,0.0402507084939659,0.120316306957247,0.0686262727475811,0.179965507393358,0.0739227264177106,0.29647189042548,0.184325666866321,0.0635468034190469,0.11381283973732,0.328759453242183,0.193485196712585
8903,0.0306119418712219,0.0284579677137781,0.0237844256816836,0.0422090872268712,0.0362429144550555,0.0397502816119099,0.0762846001662226,0.063478595252272,0.122244696087209,0.121336891038645,0.0953833856885389,0.0743860369353541,0.0608699396523838,0.0334341825670499,0.106618357398054,0.153538177551337,0.0627206035038846,0.115170697493393,0.0661764576885648,0.0619131775588556,0.0736464767874838,0.0612433353064144,0.0786694369524033,0.0691456451443156,0.0223786503920063,0.0630680341969938,0.393863671221652,0.0720599137125419,0.0473952443366963,0.0547199332003773,0.0476204867281734,0.128788971898958,0.0480183791921764,0.0635469469581233,0.0459424211915591,0.0508907773857091,0.0948444513927536,0.150729306134149,0.639138099553289,0.141240396655609,0.127775390980011,0.14978841678449,0.0828942584366674,0.0845224987909551,0.173907377524516,0.0659252265278759,0.159820920461825,0.246270475278743,0.0990351438769071,0.0260190824965302,0.103451087268588,0.0252281310113597,0.740232160367721,0.11600849485313,0.0518560559072899,0.0878066909453152,0.0937967686126957,0.0457204137080469,0.0914871076152468,0.099995346389376,0.153453764060222,0.198944659688561,0.0934550513436237,0.128821999261729,0.160084361361136,0.150714754900956,0.113608063888459,0.129075559157999,0.186624797068339,0.10294488812603,0.0991667858257115,0.145000073681694,0.127558901260807,0.111421266329161,0.117702059597059,0.0619576686622112,0.0772877759421494,0.0789383238086815,0.0320545591406641,0.0691411009445478,0.0894637571988228,0.143364363361952,0.0970919872619029,0.132614304031477,0.0458677768221491,0.0917799924140903,0.0563894508003374,0.111405993564284,0.104872880925908,0.0809091870061665,0.0476927143310244,0.125138171248954,0.105985485227643,0.0808731635138764,0.125306140104116,0.0962130388171932,0.0891389131970268,0.0875944774426327,0.13271435231751,0.0827715144940007,0.0857053360022395,0.506284362685531,0.342427736224553,1.0,0.58426046955976,0.13406480700388,0.0848683564131721,0.0952770141740164,0.131758377067468,0.0632152456059997,0.137089889926491,0.0984338315325557,0.0696065531409784,0.0806095636974168,0.410189113289258,0.285786591144283,0.0669516369486489,0.108738863854692,0.953730155950788,0.255319158022437
8906,0.157660444790917,0.0543519223499131,0.11824631631876,0.116751210572098,0.138285848088511,0.121746217043852,0.12103564359797,0.194257550155428,0.261856906683405,0.206283222847378,0.215140653800214,0.285226765585319,0.148663437045737,0.103832739731196,0.148503511281725,0.313073796827897,0.109484940234916,0.36187449614809,0.218248658647214,0.0916800195574506,0.283308135478286,0.0784983510135877,0.268153713234448,0.0975866869284003,0.0453349888880578,0.154372633086913,0.259242877981752,0.126015715094355,0.0718937281328485,0.104580828316969,0.0612827257421607,0.280826313623717,0.0727973397768968,0.106328543490937,0.0745181777496291,0.133010332466546,0.146015939902039,0.229485460123524,0.379935096763737,0.210190841983738,0.362906184218283,0.274114648034412,0.205385826357882,0.190895268616109,0.791177471864409,0.716738105251767,0.833504902755316,0.779751725193736,0.52265473979013,0.143620316252247,0.798426923963999,0.0930759057671731,0.518913405995276,0.543673063691141,0.656863943181323,0.51218648760095,0.22609181467364,0.675628249702446,0.614249038050708,0.617754322808778,0.633399986638598,0.644233336231878,0.4015198841088,0.409048913178633,0.730285685654957,0.708133421986798,0.628914905805635,0.833747556626556,0.760401437542719,0.78117680492803,0.671363976060002,0.548503332361695,0.732937041101528,0.807894279119502,0.706367501063657,0.0940006599128096,0.627316459987484,0.740118665401689,0.641056346122104,0.134511412213055,0.214756872223391,0.695485467860258,0.59081044770881,0.76824807273319,0.663121022034356,0.498530697222227,0.673371560154405,0.717801278361025,0.209980313703234,0.186033686627992,0.130451663616917,0.195972874378656,0.411416621209977,0.132520867283753,0.345006365287596,0.252258876091447,0.165753985059679,0.156909717973409,0.755160251293547,0.781519486638619,0.424641306403753,0.846157123872971,0.630052707956598,0.58426046955976,1.0,0.265621261731728,0.24022795793211,0.297458556601211,0.573877241595373,0.0979268397595119,0.275545136630919,0.17824950258662,0.599920375537485,0.162835837970671,0.475712699932407,0.316992148185358,0.119151970058864,0.241782317856806,0.553127013343742,0.303072419793851
9018,0.0920314160645377,0.084681021826174,0.165265912948524,0.121351619903611,0.11307101321442,0.137728909373361,0.15894446034651,0.207871765643715,0.377041530657325,0.343798155152751,0.335749501781046,0.200854703534843,0.101932477902237,0.101650514277797,0.361294981529412,0.399697652183043,0.138545421995642,0.650061171040434,0.314051148003176,0.501650587322623,0.551924239735172,0.480868264865473,0.560796137900193,0.520759513750966,0.0781329448043582,0.24469364444363,0.223486302177536,0.321388674646239,0.173771036420272,0.48532057180403,0.233684298709277,0.592953534213861,0.259017658625582,0.192336204573877,0.149352844173362,0.219361476949782,0.342438618233603,0.575788470823194,0.167475619983235,0.185455605002432,0.25842383554888,0.218661486387244,0.506797131561298,0.665012937594728,0.22291814861574,0.188566247931546,0.261277182073786,0.207735126273083,0.396323202210745,0.091554119905355,0.272896037336434,0.0732400778226687,0.33917480817009,0.353966799288647,0.228628364861533,0.330911684747164,0.382774224673498,0.21546052771029,0.468592640715878,0.464764326664273,0.499322409914261,0.385220861723004,0.503882148814272,0.608749172101123,0.494618798597482,0.518449585538628,0.481544961648075,0.281769391129397,0.470350971245911,0.333520341613505,0.367887686972122,0.306397374827721,0.437761294532461,0.352182582544742,0.505996428624503,0.19660989534043,0.358313284894773,0.292122923416079,0.173183431441773,0.362256241796299,0.487956393783508,0.427819313904064,0.457840010878747,0.394158516762863,0.228288590173995,0.514901031497717,0.232078172374701,0.318032472379378,0.538825631202408,0.512036749962197,0.344914606301585,0.454450088490629,0.52343930541254,0.390978509479519,0.444476299825829,0.587301776022795,0.536234217345489,0.398296851679342,0.209573236626596,0.235541290717491,0.402811055787836,0.344736726519811,0.116772849293824,0.13406480700388,0.265621261731728,1.0,0.663541537994524,0.490938813577765,0.564120693768983,0.427352731282223,0.61342243921175,0.482338307242996,0.426751931242579,0.246992531277139,0.402520306062501,0.403900192117929,0.273399151505588,0.611427780307169,0.162529404436614,0.494430641608684
9021,0.079600998785209,0.046760122214616,0.0636025329711507,0.0921963642572448,0.075036257210012,0.0980127828384491,0.114997475619248,0.123462178223101,0.300535544343858,0.231968042272487,0.233178355738619,0.163791624424667,0.0971939771524265,0.12609621967718,0.196363202689299,0.291576492547977,0.147166984313876,0.660109210484823,0.211141484094158,0.290940964580353,0.338910605604025,0.271464365276508,0.352479201928001,0.341950930221345,0.0513581983978866,0.0973872743416334,0.132551555572672,0.156545871789369,0.112565388202708,0.293227007452807,0.13376146270294,0.359052349794382,0.168875336606663,0.130854978648914,0.0953982783111585,0.181537398009975,0.318917893379207,0.368487320360938,0.132592531779135,0.140838684775684,0.194492358605501,0.112894472688191,0.506046441072805,0.205911220936702,0.220652683737103,0.229397206990252,0.218098472125552,0.156862755663583,0.221356853889745,0.0912085103994658,0.227593017494997,0.0826383668513803,0.185454317019294,0.196983581143809,0.227543369945068,0.234796481199505,0.186319085785757,0.182757039675831,0.373222799413642,0.467250873437098,0.388883517431244,0.30372900617749,0.474093690677841,0.756065138050379,0.38671651382892,0.456010537304386,0.356843900639673,0.265682766624643,0.399084135045156,0.296886011805804,0.253015228828067,0.285231124041295,0.333404482355688,0.326005403546104,0.521831744200075,0.140003062664828,0.400021096244669,0.306491119936536,0.226085113161399,0.224169365791743,0.354787823211288,0.418834747212077,0.37540896750135,0.363598039940817,0.210532126374333,0.358793656945665,0.222989040852168,0.249676061312912,0.376344251775958,0.333567183204461,0.122431739196586,0.219644965121941,0.352864914621228,0.27860884130482,0.360500589493748,0.490545621104634,0.549080508202224,0.180964460712099,0.171233183084013,0.20539356220949,0.326385905444544,0.244862077296166,0.0727657327490704,0.0848683564131721,0.24022795793211,0.663541537994524,1.0,0.298515963113972,0.686059372369087,0.241154165252995,0.482485064498939,0.260369055367542,0.239895654170689,0.212311037448792,0.276140028324055,0.186649384458287,0.127458905129384,0.3462167523181,0.128282239173203,0.264672586421485
9026,0.116221065642399,0.0769733138853698,0.0891140067818783,0.108456280459096,0.109600285338041,0.143839038828479,0.14144848087722,0.167209178945276,0.298887954805104,0.314611409212438,0.257481356187937,0.201610473610034,0.109611183352023,0.0738783828269319,0.327661812024053,0.327009492498225,0.106570248861458,0.318062088923331,0.187690262407149,0.132107786294112,0.220614023022474,0.170583174806542,0.231255805703271,0.177703332427333,0.0836087222780135,0.138028059391993,0.332227282895285,0.29530012336233,0.18570042505165,0.127383957194499,0.143860480731718,0.375066902503064,0.131202227932846,0.178176462817439,0.138068908218148,0.162159660468979,0.222087847448233,0.286189823321789,0.174396493552173,0.154676557733744,0.261612470673797,0.202744169131646,0.233956125187439,0.244235249432603,0.338263738487929,0.291941010013609,0.330118524772178,0.224776739814121,0.882512826451572,0.106410153585022,0.404228026420924,0.0815158536504065,0.624113110020718,0.744563501814585,0.353958226730469,0.380931717691405,0.294918370791205,0.326321467961816,0.741264491352259,0.469006850997174,0.71087662935056,0.534829654605468,0.765410331098156,0.51207889299528,0.640808226622834,0.570697373673468,0.677202865159412,0.333786194422839,0.552508320786468,0.465544940063004,0.677025450966731,0.320872108571405,0.509262736467362,0.442656544110785,0.544264188503152,0.199629260937444,0.379550990561696,0.357542125621001,0.280129308538217,0.703108283518169,0.887543598091677,0.528056632415655,0.684634286313552,0.446551650445927,0.307984790864695,0.773597923794118,0.359326374659571,0.385824318684194,0.793627475907461,0.690602472112085,0.5326829677009,0.828469682406266,0.849484577619744,0.595847226718629,0.486006579336467,0.808879678174302,0.441354531014448,0.890711189884809,0.233371481125356,0.329432373068186,0.43887213799253,0.65325969700076,0.118218326085476,0.0952770141740164,0.297458556601211,0.490938813577765,0.298515963113972,1.0,0.511326223942073,0.893320851457875,0.681139444744821,0.654685891092729,0.584548714526178,0.222177287485749,0.367354414799248,0.563436116612951,0.455159836614986,0.710688099736851,0.143224443125102,0.616180018122994
9027,0.133053417640252,0.0632180658631192,0.0546122209275846,0.115400750066169,0.111720080600855,0.127625932626741,0.110271764234333,0.154627854193649,0.335151229822321,0.286928048117921,0.229822087880572,0.253435204739143,0.114002543249383,0.143325664202216,0.258055640246402,0.309902721277386,0.121536198083746,0.62063730131556,0.192733233853224,0.125228919880018,0.250984260380121,0.109143130883854,0.27120558414827,0.155523914325738,0.0593002357784966,0.0842524142360911,0.188968243483744,0.15901692026034,0.164423998228431,0.145787788373285,0.106948455197557,0.303037503358997,0.115692590613506,0.15223132125976,0.093448352238226,0.105854920384261,0.374406091122042,0.248140215938727,0.135064452608319,0.178363476100307,0.255216740505593,0.126390787374885,0.472666262204912,0.221114276945828,0.56344931515586,0.578715298482412,0.648033931228533,0.55251827773088,0.58384783675035,0.138681651306559,0.622382076536933,0.107038684496671,0.313883968504774,0.492792961916078,0.525465024995851,0.459071238574705,0.302708276623509,0.472313174006307,0.695508852969032,0.737830652208319,0.754948360595909,0.677242919572694,0.720055014965667,0.897449504209816,0.745925452928674,0.811481832169584,0.629188251347447,0.681435439244846,0.748536494592078,0.681539952091266,0.619509359089902,0.447129606077656,0.657724427335478,0.724124814073657,0.812919332261902,0.162405953312011,0.625800988719313,0.667296595456344,0.530040439268765,0.38685263866352,0.509400750882785,0.708548389867906,0.645811867596954,0.719912210958195,0.503597003679561,0.610607096008933,0.52988933983518,0.566965802348601,0.519390105719682,0.426889058773796,0.194103316158519,0.338138721857664,0.580613598281584,0.357048281438356,0.471298784725468,0.617459829477479,0.580052110437487,0.30181984303811,0.56198943405837,0.583397451029634,0.48634780129258,0.625350557874504,0.264654484933222,0.131758377067468,0.573877241595373,0.564120693768983,0.686059372369087,0.511326223942073,1.0,0.317953089964324,0.552638675283904,0.333789133854345,0.507259983273522,0.139162127081889,0.428679663778354,0.296316161401655,0.194098239662498,0.469136178554444,0.155898415289909,0.427644952435919
9030,0.0420807313542342,0.0495609869462903,0.0417230123484552,0.0737440462819653,0.0542586672533604,0.0990681446137331,0.093194058343957,0.0913388396785348,0.266704811172765,0.222594365812966,0.179635461172671,0.106990819695235,0.0551063909597204,0.0430729292981619,0.275866531205275,0.291645560258812,0.0724979864331877,0.201719044511183,0.129798169201455,0.115588491874149,0.142245850293877,0.158465637081573,0.145690122133015,0.157171964371661,0.0651857637171154,0.0802474757430393,0.286577935170864,0.216012133508677,0.127455664227138,0.100783336258161,0.121115532854211,0.297660666179668,0.110953336581189,0.151001025485101,0.12929354397529,0.0931946447126807,0.174468158648502,0.215987104666182,0.0963515501052594,0.125882587682354,0.156872274389705,0.213124407903239,0.173514567599276,0.1478899226325,0.0957453337992474,0.043048177305699,0.12067481209484,0.0692227252331937,0.704498455554303,0.0579109685521962,0.159343834703613,0.0428721626536036,0.573786711563189,0.57991492816428,0.128601399360681,0.223637703106702,0.202087929259757,0.0936249566100742,0.53511516479821,0.256219231096472,0.533860154116505,0.370118936393561,0.608766430986394,0.391864241196915,0.447397392755188,0.397912717255564,0.466954446181102,0.123077321348665,0.369904177258133,0.221481896404887,0.489799439274343,0.218644069476738,0.311064656222057,0.194786567437517,0.361483145013041,0.169627272796432,0.170049865724424,0.125864592825051,0.0458203292756776,0.767246923510802,0.878749383674137,0.283963027466329,0.484125099671366,0.213637146498288,0.077079781231649,0.59268397985759,0.115777011643151,0.173932419021724,0.797264030797041,0.654831902475477,0.500998511614334,0.821980413950364,0.718387295284964,0.618776544633799,0.414480798389893,0.770151565159522,0.446447393015762,0.862986779283346,0.0518022079583916,0.0902901087705912,0.303211019938223,0.440002306286084,0.0402507084939659,0.0632152456059997,0.0979268397595119,0.427352731282223,0.241154165252995,0.893320851457875,0.317953089964324,1.0,0.689943985326516,0.65171041856695,0.334116817180981,0.137284473451289,0.305984562787072,0.477837953771353,0.377629822617286,0.655150856581708,0.115549086729317,0.539007863245068
9031,0.0992465801336369,0.0944755988737311,0.0691854404247207,0.15373184818536,0.115176094074879,0.203076315014282,0.209636606281657,0.213579999745989,0.569274432153084,0.316103195130336,0.374789886097674,0.221295404763054,0.115141440301863,0.113991308952802,0.460455270297558,0.599907811311605,0.149252384743531,0.52035065460577,0.258139266948423,0.219954677392884,0.259819503009587,0.171797766237033,0.261461107114575,0.185064934336169,0.101191379098738,0.182279051965094,0.280737913543855,0.189117543429491,0.192264195095364,0.181979745790974,0.171079647349061,0.40754217428843,0.174953952290231,0.24243840718063,0.17620376995244,0.125037505961411,0.374150832562593,0.435019780410859,0.16343537192523,0.259713981711431,0.361978448444103,0.402836337979728,0.421330780946328,0.216899763692738,0.245302428724047,0.178199836595389,0.269498843212004,0.208474648993796,0.550960545102318,0.122828258402946,0.3048094515013,0.0710082345999028,0.528908886935125,0.497634764690385,0.283204836287821,0.330744845169784,0.420783051787317,0.231678120149881,0.635082227932353,0.543542618487369,0.66622247667311,0.460620739571514,0.654461265134833,0.713081842337873,0.658581543461044,0.675571806465544,0.639421037958473,0.304424810111589,0.640207780328038,0.412270901983148,0.517373063002176,0.491974794609058,0.574993387998874,0.374784672872252,0.635157936217978,0.273292229468956,0.52783127253246,0.352893720232089,0.182369778570993,0.629998691456633,0.824959728930875,0.489408149553189,0.685988466890522,0.547790576082831,0.237518491688163,0.590442213356967,0.236947888921398,0.505685153141015,0.844903063161918,0.704800518040979,0.380958123318676,0.711708019070186,0.781298164617057,0.8146137202687,0.758531178197334,0.870758329178604,0.815341197156727,0.614147806443129,0.167055971436635,0.241182552101307,0.437971813506331,0.432517272167049,0.120316306957247,0.137089889926491,0.275545136630919,0.61342243921175,0.482485064498939,0.681139444744821,0.552638675283904,0.689943985326516,1.0,0.62162444909731,0.387230807310769,0.191578834977955,0.486597893808248,0.447833842968819,0.343638354208208,0.736122665942292,0.248340077850186,0.629791039963342
9032,0.0616625520491695,0.12535592653107,0.633260389498364,0.129825188293198,0.190835655499177,0.122470392787196,0.215254493530101,0.389093536883909,0.347520402510552,0.427314213435853,0.313812770990924,0.147084994381428,0.0697641423813721,0.0582887372309306,0.287751751443637,0.340107864499002,0.0929743328986309,0.272812904006316,0.389941834672354,0.138436644202496,0.380988505449954,0.223062760130701,0.296496494175638,0.157451117593304,0.064048860530245,0.671028457460299,0.251165520763001,0.196049423680922,0.153208411561338,0.135910024235024,0.15175190773669,0.436240492234078,0.154965401487764,0.211907585459167,0.179783158902212,0.62091757580053,0.227412712258014,0.401469150145836,0.224473200403104,0.229476092837907,0.291769478239638,0.184771826593437,0.684243852870045,0.22374314120718,0.121962858280228,0.0698004364749139,0.156243268725267,0.0991996537333738,0.567444054447025,0.0859545675926432,0.206027596891326,0.0863239880864806,0.480657527537274,0.550140789709046,0.144381140556697,0.247185348931588,0.236796739430059,0.232949052773508,0.49153740388078,0.336579920062236,0.471184519239514,0.326257581981485,0.520129495569434,0.413556246155692,0.426778456334465,0.449850665325169,0.431365570795909,0.1734564464074,0.406455246819084,0.24927027140688,0.43126494916428,0.249450481213066,0.392009833366464,0.204233868113806,0.390926099977982,0.193738422189421,0.24160920425213,0.202401628081574,0.0643423919362187,0.709412129679063,0.651505194159681,0.307993142015383,0.512012709795829,0.293113968457069,0.130161249092616,0.601704672988415,0.195862474252173,0.251538614655799,0.713329796924826,0.723999474859067,0.904480720304463,0.664664587697167,0.623081850862617,0.609584984502789,0.516212114395219,0.631398084143513,0.528798322790283,0.572435717203953,0.165826126175015,0.190610481938736,0.460843733109314,0.366910415917488,0.0686262727475811,0.0984338315325557,0.17824950258662,0.482338307242996,0.260369055367542,0.654685891092729,0.333789133854345,0.65171041856695,0.62162444909731,1.0,0.417047280439858,0.476903009402661,0.350080051952825,0.556564260864024,0.332324500265766,0.664950435837121,0.148638189737693,0.53401948677191
9033,0.196092667695086,0.0841463710732227,0.266866495399208,0.129440753473806,0.189962420037986,0.152841605480239,0.120465048754471,0.26874581161661,0.266428949181499,0.296257380685105,0.235842444298769,0.321600086184131,0.139798481106359,0.0608287774316399,0.20018654222833,0.266473505007507,0.106513179903856,0.36392394502901,0.230602496214369,0.116389378907627,0.362170783275572,0.107291033989514,0.361299820772315,0.107970503794261,0.0459546037275944,0.294158731491181,0.182572793856453,0.203766441725032,0.105485009706699,0.142074611967009,0.0898696488039176,0.350248963414797,0.0994603093273086,0.147212610871905,0.102332579876182,0.2755463001275,0.156688217846546,0.287711817002536,0.132367964925645,0.159566338196259,0.351975354840187,0.160647752564754,0.303781149693093,0.330280867857687,0.832308126324814,0.811062031075052,0.622616213419638,0.37270857775426,0.720424238050584,0.176937165358581,0.820270383691096,0.118936813545144,0.373459341331106,0.713957515025499,0.852532795672317,0.571494900653859,0.220865026520475,0.855740682814971,0.843383633344901,0.734233924659296,0.605830832333397,0.43018641007583,0.566306301646199,0.407616315462791,0.684341285083708,0.680562291615423,0.787554959560737,0.614196548904324,0.696513204446729,0.843543160414374,0.774036335688165,0.505365207409638,0.718630306237858,0.791813474313759,0.761604326769568,0.126343466768251,0.726017403445404,0.828198877458007,0.817223872526719,0.325797054275905,0.440220083679442,0.617567797491938,0.815184094209847,0.742053812687817,0.846030626991476,0.800275284647931,0.845853499403053,0.73860055239937,0.414059547115261,0.418886810719534,0.417366118293028,0.377642065979394,0.691265841412491,0.27744631968812,0.29878477018407,0.453888901440965,0.241243042779737,0.357732177330729,0.443756050949183,0.828687434685643,0.517939900110519,0.738603910485971,0.179965507393358,0.0696065531409784,0.599920375537485,0.426751931242579,0.239895654170689,0.584548714526178,0.507259983273522,0.334116817180981,0.387230807310769,0.417047280439858,1.0,0.263997852695125,0.357386404078419,0.405562422107172,0.249842300291671,0.449240818544398,0.115836417790393,0.353433417354651
9401,0.0669262801924016,0.102316847820574,0.53588532661168,0.0867278216729151,0.160696583215526,0.0957005084862537,0.172766866319983,0.329620795340175,0.141598820583472,0.372355628243531,0.262265497968372,0.121810314984418,0.0812081366701922,0.0409373319257838,0.225998179935994,0.158267485834454,0.0806249082925773,0.108561396908718,0.327537086123351,0.0692391828682587,0.276938427900879,0.178479245692945,0.207085316164022,0.123907380507409,0.609208556467211,0.596861799052291,0.634833591055157,0.679839215732416,0.119973170686011,0.0719343447529791,0.114389430183717,0.344859473319389,0.109424373650114,0.13845435334954,0.139656549540146,0.723457151100697,0.230614519501092,0.504878243314285,0.202038194581821,0.121982544084282,0.2159454486228,0.0837536397631248,0.496674834858901,0.224557008155004,0.114341800488755,0.0819483432358688,0.115469105213607,0.0873583688727279,0.213893122605267,0.038685114909537,0.149267135596652,0.0580232645559668,0.145792127878641,0.255683664231055,0.0965688282873472,0.129376291898838,0.19448229215715,0.199837101391448,0.186425009813855,0.177397293221516,0.185173265958091,0.154451647886108,0.17519605879131,0.155897856041818,0.179869390368176,0.188518223127669,0.23021809085703,0.123905202063984,0.166407897776956,0.134229407268064,0.166522725277063,0.0983599843443874,0.204387121929723,0.124675902404,0.169160056945229,0.109258336511069,0.102574529403566,0.117421516687307,0.0579582759771353,0.124153135635982,0.154918936915986,0.186277312783818,0.201848555282977,0.15409248791724,0.096979087574814,0.312023281206904,0.156503926628549,0.124307785281136,0.186027578876012,0.345529550353698,0.543338900084527,0.204356138346912,0.224414676229327,0.113929610764965,0.187652365426717,0.133571124041571,0.0935958165235145,0.162826575547253,0.163334435214732,0.155392609878686,0.268005258203715,0.171709969175867,0.0739227264177106,0.0806095636974168,0.162835837970671,0.246992531277139,0.212311037448792,0.222177287485749,0.139162127081889,0.137284473451289,0.191578834977955,0.476903009402661,0.263997852695125,1.0,0.398756299374571,0.634967564979251,0.290941219117691,0.303327055768918,0.12090965162996,0.321976816040268
9402,0.0829843336003917,0.0939804329935285,0.0758738573033435,0.118712123109533,0.108936133551949,0.131147681163724,0.131784182219763,0.171946213887631,0.370558556072311,0.423322200092377,0.267102415631412,0.256419864152538,0.105177076574934,0.0788506189359088,0.452385512177775,0.390946880136815,0.145004909740872,0.307428116194799,0.203557659469531,0.136665410729372,0.225179720254399,0.107754589381733,0.211508274915214,0.148288685825029,0.20487429773179,0.136203146912591,0.561397320575223,0.472568444690255,0.144491958658943,0.149428660318889,0.18262209706007,0.365078952929561,0.149411088212611,0.242738153108741,0.157015023365279,0.187535019046558,0.341206366419125,0.330603499367376,0.316737688235706,0.199753289659596,0.215493927547953,0.175500666977463,0.264163770399199,0.309401171424573,0.348967109681456,0.255073490626424,0.38207556164616,0.367841181873123,0.38276043910436,0.103018262377855,0.352144595351481,0.0643980237041331,0.508053748514444,0.309988493438988,0.318159159798094,0.331265416535895,0.280786483219442,0.265953279107596,0.466385949218593,0.489104349884658,0.474593954082499,0.416042563231792,0.418764330577218,0.439522005427565,0.516382148680595,0.580423541492652,0.453583996980857,0.391488762614815,0.557209557968735,0.409292761055518,0.352989783844783,0.332218123216431,0.505052151124841,0.422160690043685,0.509768994960619,0.202494734734385,0.37438432581068,0.377056464268091,0.233067114177744,0.314442555440338,0.367715315575068,0.398662026546916,0.444922720591653,0.447492314767568,0.2693881434767,0.462685753268401,0.279910815988339,0.430312964643745,0.461224592609657,0.343814538246416,0.234050736691291,0.373853146066929,0.480982050229168,0.296410745495513,0.353381775169914,0.42003827310443,0.420424416382091,0.279204813076125,0.302735359034449,0.346524254215111,0.335026940346424,0.502065888625947,0.29647189042548,0.410189113289258,0.475712699932407,0.402520306062501,0.276140028324055,0.367354414799248,0.428679663778354,0.305984562787072,0.486597893808248,0.350080051952825,0.357386404078419,0.398756299374571,1.0,0.781579063683286,0.221382243254547,0.524607242453917,0.464044146049817,0.645158369301636
9403,0.0906423232766685,0.108685426624053,0.30420031207771,0.103468968011584,0.131567831688922,0.135944443914452,0.182568176767338,0.256794737757999,0.229641233099192,0.399743562993379,0.301941570965412,0.18950142016439,0.0942968495954957,0.0603816659659881,0.369687588501732,0.287587498921611,0.115842774296964,0.197365634395102,0.269260840417033,0.127632393738144,0.253771784312211,0.167583908991055,0.224396020344599,0.143620276407462,0.375556174957203,0.398619144521849,0.713677235804264,0.692591227171052,0.158932872716584,0.113856602026289,0.152279763675503,0.380778752987124,0.134212546412737,0.192123611621589,0.14833208138944,0.364587587202368,0.272500678894999,0.379935618783322,0.309978347563907,0.168669900433977,0.243144648545089,0.196638773632165,0.36017532536632,0.313709230265466,0.221948889973271,0.149513083239579,0.236146215461519,0.199347600283566,0.540949488230152,0.234308723844367,0.286420462646205,0.233506332661672,0.522567338414184,0.561186344849863,0.201063510922776,0.38220637356688,0.330877410294357,0.24327296043441,0.456694162153555,0.395171009086087,0.463546099897949,0.368802690289798,0.459888503057313,0.320995975993282,0.42517432068868,0.391188042809283,0.480293709861831,0.231988940029275,0.372918744939289,0.28052492648022,0.464673521521365,0.204239283189729,0.369585653553494,0.285548528829665,0.34538453343769,0.16343177795611,0.211179966729148,0.219710328396747,0.126493117535366,0.414841611983987,0.497447098998967,0.324805666801345,0.404404469177742,0.302931243756826,0.164419103122178,0.58659243602222,0.271074103002607,0.242576085798233,0.502718487032699,0.581172463763078,0.5387426252302,0.505674651178575,0.546638127215487,0.336387756566269,0.377502830540741,0.429548222628462,0.253862280469963,0.511853221787636,0.204366070335209,0.229971297610201,0.481128365588393,0.487622444678993,0.184325666866321,0.285786591144283,0.316992148185358,0.403900192117929,0.186649384458287,0.563436116612951,0.296316161401655,0.477837953771353,0.447833842968819,0.556564260864024,0.405562422107172,0.634967564979251,0.781579063683286,1.0,0.462524911564375,0.629213687103146,0.3501538074912,0.686655760392502
9404,0.146132233753447,0.13933545012189,0.102360295890972,0.146107828308522,0.150142847818273,0.194781033750182,0.152401006246551,0.200067610260852,0.187299297844085,0.350766417164421,0.348850652239086,0.134080299867812,0.0693687103646508,0.0428850348337152,0.328277039627909,0.198410122391068,0.10394437182328,0.124835623849982,0.149654835404263,0.101088885927234,0.133501430272318,0.0943972762770816,0.14531698943036,0.188649832372332,0.0742866591727254,0.177416656418206,0.192879347088606,0.204418468758149,0.123854116509273,0.0918657165544496,0.117457220107028,0.227481026730349,0.0953868706057738,0.117172548735376,0.100834213743141,0.348759419005654,0.641644366198433,0.443303802067668,0.137140825048584,0.0857840677123853,0.154497845805364,0.13603958066724,0.129501066453696,0.225856011722461,0.136652271607145,0.0842435864988128,0.126325637440175,0.0847306586553619,0.405571600460459,0.578655066970407,0.229542561141272,0.584340031009246,0.30654620096197,0.570582977754184,0.118740504133272,0.577246624295778,0.277719881884939,0.138055907287014,0.341729901321408,0.381116110357988,0.365063206015206,0.24027985607822,0.351208116496696,0.203565696691671,0.289865518961483,0.237617240336057,0.409137124074859,0.110438641345447,0.210728086086799,0.167914445342133,0.450368683636521,0.0993942936337091,0.238034867336236,0.183454899848183,0.208717239188411,0.136827836556949,0.11423092529628,0.107037493687046,0.0636025037975429,0.367703269711914,0.390963119188776,0.212972526359416,0.257090794691387,0.217517210423514,0.0813415904836033,0.538781049075109,0.287565024619007,0.129451713045957,0.431538652003085,0.402718384622288,0.286852247865378,0.380037641286702,0.435116966578708,0.261052044873301,0.388136622630641,0.301201457624488,0.139248324338415,0.423172903954437,0.0694654122540773,0.107366165119727,0.642882365441192,0.30715056354072,0.0635468034190469,0.0669516369486489,0.119151970058864,0.273399151505588,0.127458905129384,0.455159836614986,0.194098239662498,0.377629822617286,0.343638354208208,0.332324500265766,0.249842300291671,0.290941219117691,0.221382243254547,0.462524911564375,1.0,0.496360972583569,0.124543145907765,0.399154236330691
9405,0.122258101058825,0.151790124475367,0.203944718084153,0.13495802298307,0.123729727611401,0.20423990386375,0.234521914162172,0.240539341885924,0.331220052284614,0.491358393837845,0.40452719580134,0.248847476350921,0.0841273328334173,0.0749151037497072,0.643534977938056,0.463705229309149,0.142975785272265,0.331620358916661,0.286185556013726,0.226526781936173,0.265944097472029,0.156691200058478,0.265349966225043,0.189827653462778,0.0685780073458161,0.374317580127205,0.288234996680553,0.224781482401922,0.188099105376605,0.159631217072078,0.2170500580248,0.414568223857205,0.170584450893509,0.255863800173397,0.176409791205266,0.311426739208675,0.514345797465343,0.565494308159831,0.175149578027466,0.175865716542163,0.278572165792772,0.354168990715166,0.414538544310926,0.422724824731985,0.200227748739169,0.141975872056826,0.263620303880288,0.205582266908236,0.671410335965014,0.126706825045677,0.306340965628875,0.114260467584846,0.499335116544165,0.611228344032303,0.234441820453269,0.369381136487115,0.580325131124065,0.266946833243585,0.616675462292583,0.572600639042884,0.637799684336589,0.472263618372644,0.657110204747716,0.535844220719329,0.612814887542861,0.557388511457392,0.673119407064841,0.278141341158743,0.500491447162202,0.348492036726219,0.606657534294957,0.270707178657036,0.474850517870341,0.33283728364944,0.502007112055503,0.210889245004791,0.288611402024491,0.283984267782836,0.129415341284447,0.612591245307846,0.684434223306161,0.398867212377065,0.514018122145832,0.374816788403989,0.171696195375235,0.691672550454144,0.237120815678098,0.288034258330497,0.740436578448393,0.89335346951656,0.550777685381893,0.65476170070577,0.76784176147181,0.499151721738239,0.488175012326754,0.627509066931973,0.482345487432408,0.679767845054819,0.194199745524653,0.245202976997344,0.473958811080334,0.487519167644564,0.11381283973732,0.108738863854692,0.241782317856806,0.611427780307169,0.3462167523181,0.710688099736851,0.469136178554444,0.655150856581708,0.736122665942292,0.664950435837121,0.449240818544398,0.303327055768918,0.524607242453917,0.629213687103146,0.496360972583569,1.0,0.163631074186643,0.881469664679499
9406,0.0356689588597096,0.0314072063016883,0.0273609792306772,0.0523693885736034,0.0405461935893781,0.0593949908712902,0.0695913478844375,0.0918403517396976,0.20177967410308,0.123888314650763,0.121424422106841,0.128444083229846,0.100007158313209,0.164715501241887,0.125390519826661,0.195316366717351,0.092473595517868,0.163451826020227,0.13529453671509,0.0641710483017762,0.0972690795490227,0.0803551395559193,0.0882728555223948,0.0583764859641579,0.10309373885127,0.0678322260942431,0.47723904263059,0.114575233724218,0.0762210612608221,0.0576302939688456,0.0553657619181601,0.132072635137766,0.0542428978427802,0.0794424740734845,0.0568634638938797,0.0505071149100521,0.134669985912251,0.179686695540764,0.68778260032456,0.28790522753198,0.123813523374202,0.145819189316887,0.13660608661702,0.0610327796769743,0.198606736075017,0.0873148091212022,0.13142608993204,0.184946057091005,0.113891416817745,0.119762953602018,0.124591369139755,0.0968650699036408,0.80246693987916,0.152353211413356,0.109287235363999,0.159838380266876,0.165124859142915,0.090441232497467,0.184451848526765,0.193612052947542,0.194226069963578,0.222107448223574,0.164257098762174,0.221495892688949,0.207669244576626,0.210541289235511,0.187918641981136,0.112092400620765,0.257045850793312,0.14832821959742,0.143308104443741,0.164503669878425,0.202331126814083,0.135718237128989,0.199165270426062,0.0859846757965641,0.188867474834646,0.122958855853847,0.0763243707603884,0.105990365402515,0.169693307553634,0.16386232613156,0.202989576619432,0.193552517942945,0.0987326798074483,0.171707248136907,0.113368248407446,0.19689261607487,0.199417683169526,0.140568262083472,0.0758829227574951,0.171187471544298,0.205058486561487,0.184990599339449,0.224748862019677,0.227506790732178,0.248092363522498,0.12591684304214,0.0695386518039914,0.102135036688858,0.188358223681799,0.504881829916006,0.328759453242183,0.953730155950788,0.553127013343742,0.162529404436614,0.128282239173203,0.143224443125102,0.155898415289909,0.115549086729317,0.248340077850186,0.148638189737693,0.115836417790393,0.12090965162996,0.464044146049817,0.3501538074912,0.124543145907765,0.163631074186643,1.0,0.291363240760616
9506,0.117825198632804,0.150409276531498,0.157213276277138,0.120449163641858,0.100002854578507,0.192599088367033,0.205125035141273,0.206049096748456,0.308109355778207,0.463444745463262,0.384947375081976,0.254958414671409,0.0909688864104738,0.0664365166563496,0.624252140776538,0.437658836880838,0.151342225843716,0.269690889417479,0.28082622752019,0.233343920217008,0.243932763596244,0.173071453487664,0.244932734256833,0.205111881073755,0.0854828500910766,0.329938208292278,0.385634097082698,0.294208525074702,0.277092441205617,0.163149758361668,0.253218685661721,0.404969612777144,0.201506900316176,0.275366768370827,0.198485378243807,0.270116183295483,0.492205855189699,0.578111881515103,0.27722841499008,0.16963665805946,0.263549374003211,0.364123399097461,0.333925047324278,0.349115329056093,0.182271133015883,0.10565151445628,0.271231862586299,0.262248759660873,0.580022874749383,0.06767936999738,0.267245220918703,0.0610953301325318,0.51639628718884,0.499056911194067,0.171642113063716,0.293998508205114,0.657497053188425,0.211812457236206,0.511661406619314,0.493616803623165,0.588461448159563,0.507169913863555,0.540668571510376,0.456393503871562,0.579356205019102,0.503456039496294,0.586023511700714,0.287292022746299,0.465449666576811,0.300701633104913,0.524143305600052,0.227243302860279,0.461312932245368,0.285678066807575,0.424001668387505,0.21981914953742,0.223288637254119,0.231263527606643,0.0745607979755166,0.485727046933964,0.556537401108274,0.38254167505456,0.417618862907072,0.330689981214372,0.118775729153368,0.542716040524427,0.166491769477681,0.260914348530986,0.614373138558534,0.793638121044075,0.435538323021747,0.557798672924021,0.651311798061947,0.385949766029168,0.412725162112541,0.521107104717534,0.397804390477231,0.562661642133148,0.2302886046355,0.207012747694236,0.360275514976798,0.481544570645707,0.193485196712585,0.255319158022437,0.303072419793851,0.494430641608684,0.264672586421485,0.616180018122994,0.427644952435919,0.539007863245068,0.629791039963342,0.53401948677191,0.353433417354651,0.321976816040268,0.645158369301636,0.686655760392502,0.399154236330691,0.881469664679499,0.291363240760616,1.0
